bank_account_id,transaction_date,amount,currency,reference,counterparty,transaction_type,fee,is_reconciled,is_wash
ACC-001,2025-12-27T13:09:45.891190,18326.31,CHF,INV-01-00105,MegaCorp International,customer_receipt,0,0,0
ACC-001,2025-11-06T13:09:45.891190,37568.33,CHF,INV-01-00076,Enterprise Systems,customer_receipt,0,0,0
ACC-001,2025-10-20T13:09:45.891190,-10778.99,DKK,TXN-000003,Marketing Agency Ltd,payroll,0,0,0
ACC-001,2025-12-01T13:09:45.891190,-8014.6900000000005,EUR,TXN-000004,Future Tech,loan,25.91,0,0
ACC-001,2025-12-08T13:09:45.891190,14106.11,SEK,INV-01-00155,Enterprise Systems,customer_receipt,0,0,0
ACC-001,2025-12-11T13:09:45.891190,3966.95,CHF,PAYMENT FOR INV-01-00096,Smart Solutions,customer_receipt,0,0,0
ACC-001,2025-11-17T13:09:45.891190,31152.06,CHF,INV-01-00056,StartupHub,customer_receipt,0,0,0
ACC-001,2025-11-05T13:09:45.891190,21672.2,GBP,INV-01-00018,Smart Solutions,customer_receipt,0,0,0
ACC-001,2025-10-29T13:09:45.891190,34045.91,EUR,INV-01-00091,Enterprise Systems,customer_receipt,0,0,0
ACC-001,2025-10-10T13:09:45.891190,11330.4,CHF,TXN-000010,Software Licenses Co,rent,0,0,0
ACC-001,2025-12-17T13:09:45.891190,24440.82,SEK,INV-01-00137,MegaCorp International,customer_receipt,7.21,0,0
ACC-001,2025-11-27T13:09:45.891190,4978.19,DKK,INV-01-00065,Enterprise Systems,customer_receipt,0,0,0
ACC-001,2025-11-04T13:09:45.891190,26759.09,EUR,INV-01-00148,StartupHub,customer_receipt,0,0,0
ACC-001,2025-12-14T13:09:45.891190,36292.46,USD,INV-01-00010,Smart Solutions,customer_receipt,22.91,0,0
ACC-001,2026-01-04T13:09:45.891190,9753.94,EUR,INV-01-00011,Digital Dynamics,customer_receipt,0,0,0
ACC-001,2025-10-17T13:09:45.891190,-12176.83,CHF,TXN-000016,Smart Solutions,customer_receipt,37.5,0,0
ACC-001,2025-10-27T13:09:45.891190,11229.630000000001,DKK,PART-INV-01-00023,NextGen Industries,customer_receipt,31.47,0,0
ACC-001,2025-10-10T13:09:45.891190,-18781.03,EUR,TXN-000018,IT Support Services,loan,0,0,0
ACC-001,2025-11-14T13:09:45.891190,7746.98,CHF,PART-INV-01-00129,NextGen Industries,customer_receipt,0,0,0
ACC-001,2026-01-05T13:09:45.891190,43322.78,EUR,INV-01-00187,Smart Solutions,customer_receipt,0,0,0
ACC-001,2025-10-21T13:09:45.891190,22755.75,EUR,TXN-000021,Facilities Management,loan,0,0,0
ACC-001,2025-12-08T13:09:45.891190,7647.54,GBP,INV-01-00094,TechStart Inc,customer_receipt,0,0,0
ACC-001,2025-11-03T13:09:45.891190,31160.23,USD,INV-01-00037-PAYMENT,MegaCorp International,customer_receipt,0,0,0
ACC-001,2025-12-07T13:09:45.891190,18291.86,DKK,INV-01-00157,Enterprise Systems,customer_receipt,0,0,0
ACC-001,2025-11-16T13:09:45.891190,46189.08,EUR,INV-01-00191,Cloud Services Co,customer_receipt,0,0,0
ACC-001,2025-10-08T13:09:45.891190,4429.23,SEK,PART-INV-01-00129,NextGen Industries,customer_receipt,0,0,0
ACC-001,2025-11-18T13:09:45.891190,4558.87,SEK,TXN-000027,Travel Services,supplier_payment,0,0,0
ACC-001,2025-10-17T13:09:45.891190,49275.54,USD,REF: TXN-000028,Cloud Infrastructure Inc,loan,0,0,0
ACC-001,2025-12-03T13:09:45.891190,28634.51,CHF,INV-01-00051,Future Tech,customer_receipt,0,0,0
ACC-001,2025-12-17T13:09:45.891190,7337.8,EUR,PART-INV-01-00134,MegaCorp International,customer_receipt,0,0,0
ACC-001,2026-01-02T13:09:45.891190,30880.46,GBP,INV-01-00121,Future Tech,customer_receipt,0,0,0
ACC-001,2026-01-03T13:09:45.891190,33836.54,NOK,INV-00071,Innovation Partners,customer_receipt,0,0,0
ACC-001,2025-11-03T13:09:45.891190,25023.17,NOK,INV-01-00101,Innovation Partners,customer_receipt,0,0,0
ACC-001,2025-11-17T13:09:45.891190,42784.16,EUR,TXN-000034,Marketing Agency Ltd,customer_receipt,0,0,0
ACC-001,2025-10-20T13:09:45.891190,-49439.76,EUR,TXN-000035,Innovation Partners,loan,0,0,0
ACC-001,2025-11-21T13:09:45.891190,9445.45,GBP,TXN000036,Facilities Management,supplier_payment,0,0,0
ACC-001,2025-11-16T13:09:45.891190,19464.41,GBP,INV-01-00165,MegaCorp International,customer_receipt,0,0,0
ACC-001,2025-10-21T13:09:45.891190,9822.79,GBP,INV-01-00084-PAYMENT,NextGen Industries,customer_receipt,0,0,0
ACC-001,2025-12-22T13:09:45.891190,6931.7,SEK,INV-01-00053,MegaCorp International,customer_receipt,0,0,0
ACC-001,2025-12-07T13:09:45.891190,9217.0,USD,TXN-000040,Software Licenses Co,loan,0,0,0
ACC-001,2025-10-29T13:09:45.891190,-40866.17,EUR,TXN-000041,Digital Dynamics,supplier_payment,0,0,0
ACC-001,2026-01-01T13:09:45.891190,-44781.08,DKK,TXN-000042,Legal Services Group,tax,0,0,0
ACC-001,2025-11-26T13:09:45.891190,6263.87,DKK,PART-INV-01-00129,NextGen Industries,customer_receipt,0,0,0
ACC-001,2025-11-04T13:09:45.891190,15590.63,DKK,INV-00117,NextGen Industries,customer_receipt,0,0,0
ACC-001,2025-12-18T13:09:45.891190,48853.74,GBP,INV-01-00060,Digital Dynamics,customer_receipt,0,0,0
ACC-001,2025-10-11T13:09:45.891190,5790.51,DKK,TXN-000046,StartupHub,supplier_payment,0,0,0
ACC-001,2025-11-25T13:09:45.891190,22849.15,EUR,TXN-000047,Facilities Management,supplier_payment,0,0,0
ACC-001,2025-10-08T13:09:45.891190,37048.07,GBP,INV-01-00144,Enterprise Systems,customer_receipt,0,0,0
ACC-001,2025-11-12T13:09:45.891190,279.34,NOK,PAYMENT FOR TXN-000049,TechStart Inc,loan,0,0,0
ACC-001,2025-12-07T13:09:45.891190,-22582.62,CHF,INV-000050,Acme Corporation,loan,0,0,0
ACC-001,2025-10-12T13:09:45.891190,18164.07,NOK,PART-INV-01-00028,TechStart Inc,customer_receipt,0,0,0
ACC-001,2025-10-24T13:09:45.891190,41732.49,CHF,INV-01-00075,Future Tech,customer_receipt,42.53,0,0
ACC-001,2025-12-30T13:09:45.891190,-43767.45,DKK,INV-000053,Smart Solutions,supplier_payment,0,0,0
ACC-001,2025-11-23T13:09:45.891190,39966.65,CHF,TXN-000054,Cloud Services Co,rent,0,0,0
ACC-001,2025-12-11T13:09:45.891190,37034.12,EUR,INV-01-00021,Enterprise Systems,customer_receipt,17.0,0,0
ACC-001,2025-11-29T13:09:45.891190,34535.58,DKK,INV-01-00082,TechStart Inc,customer_receipt,0,0,0
ACC-001,2025-12-06T13:09:45.891190,-18883.55,SEK,TXN-000057,Enterprise Systems,payroll,0,0,0
ACC-001,2025-10-19T13:09:45.891190,-41183.8,EUR,TXN-000058,Cloud Services Co,loan,0,0,0
ACC-001,2025-10-18T13:09:45.891190,28873.67,GBP,TXN-000059,StartupHub,tax,0,0,0
ACC-001,2025-10-24T13:09:45.891190,14231.74,GBP,TXN-000060,Innovation Partners,loan,0,0,0
ACC-001,2025-11-29T13:09:45.891190,17208.77,USD,INV-01-00059,Innovation Partners,customer_receipt,0,0,0
ACC-001,2025-12-03T13:09:45.891190,30880.46,SEK,INV-01-00121,Future Tech,customer_receipt,0,0,0
ACC-001,2025-12-27T13:09:45.891190,13866.4,DKK,PART-INV-01-00110,Innovation Partners,customer_receipt,0,0,0
ACC-001,2025-11-03T13:09:45.891190,45516.71,NOK,INV-01-00064,Smart Solutions,customer_receipt,0,0,0
ACC-001,2025-11-11T13:09:45.891190,29587.34,CHF,TXN-000065,IT Support Services,rent,39.8,0,0
ACC-001,2025-12-27T13:09:45.891190,44102.36,SEK,INV-01-00049,Cloud Services Co,customer_receipt,0,0,0
ACC-001,2025-12-22T13:09:45.891190,4429.23,EUR,PART-INV-01-00129,NextGen Industries,customer_receipt,0,0,0
ACC-001,2025-11-20T13:09:45.891190,36932.91,GBP,TXN-000068 | BANK REF,Marketing Agency Ltd,payroll,0,0,0
ACC-001,2025-10-10T13:09:45.891190,4578.45,SEK,INV-01-00182,StartupHub,customer_receipt,0,0,0
ACC-001,2025-12-07T13:09:45.891190,7726.37,GBP,INV-01-00169,Smart Solutions,customer_receipt,0,0,0
ACC-001,2025-12-11T13:09:45.891190,-1720.07,SEK,TXN-000071,TechStart Inc,supplier_payment,24.17,0,0
ACC-001,2025-10-29T13:09:45.891190,30348.28,NOK,INV-01-00012,Smart Solutions,customer_receipt,0,0,0
ACC-001,2025-12-31T13:09:45.891190,-30153.79,EUR,TXN-000073,Digital Dynamics,supplier_payment,0,0,0
ACC-001,2025-12-05T13:09:45.891190,48853.74,NOK,INV-01-00060,Digital Dynamics,customer_receipt,0,0,0
ACC-001,2025-10-18T13:09:45.891190,40166.37,CHF,INV-01-00074,Acme Corporation,customer_receipt,0,0,0
ACC-001,2025-12-18T13:09:45.891190,1773.27,CHF,INV-01-00099,Enterprise Systems,customer_receipt,0,0,0
ACC-001,2026-01-03T13:09:45.891190,13700.39,CHF,INV-01-00043,StartupHub,customer_receipt,0,0,0
ACC-001,2025-10-24T13:09:45.891190,33134.7,CHF,TXN-000078,Enterprise Systems,tax,0,0,0
ACC-001,2025-11-27T13:09:45.891190,39802.13,NOK,TXN-000079,Cloud Infrastructure Inc,rent,0,0,0
ACC-001,2025-11-07T13:09:45.891190,8642.9,DKK,TXN-000080,Software Licenses Co,supplier_payment,0,0,0
ACC-001,2025-12-29T13:09:45.891190,14106.11,EUR,INV-01-00155,Enterprise Systems,customer_receipt,0,0,0
ACC-001,2025-12-30T13:09:45.891190,7726.37,GBP,INV-01-00169 | BANK REF,Smart Solutions,customer_receipt,0,0,0
ACC-001,2025-10-30T13:09:45.891190,43322.78,DKK,INV-01-00187 | BANK REF,Smart Solutions,customer_receipt,0,0,0
ACC-001,2025-10-20T13:09:45.891190,31160.23,DKK,INV-01-00037,MegaCorp International,customer_receipt,0,0,0
ACC-001,2025-11-26T13:09:45.891190,19370.72,NOK,INV-00131,Enterprise Systems,customer_receipt,0,0,0
ACC-001,2025-11-10T13:09:45.891190,-9829.66,DKK,TXN-000086,NextGen Industries,tax,0,0,0
ACC-001,2025-11-19T13:09:45.891190,-4973.01,EUR,TXN-000087,Marketing Agency Ltd,loan,0,0,0
ACC-001,2025-10-18T13:09:45.891190,48073.45,NOK,TXN-000088,Office Supplies Pro,loan,0,0,0
ACC-001,2025-12-25T13:09:45.891190,34535.58,EUR,INV-01-00082,TechStart Inc,customer_receipt,0,0,0
ACC-001,2025-12-05T13:09:45.891190,35684.21,NOK,INV-01-00015 | BANK REF,Enterprise Systems,customer_receipt,0,0,0
ACC-001,2025-11-14T13:09:45.891190,34834.51,GBP,INV-01-00164,Innovation Partners,customer_receipt,0,0,0
ACC-001,2025-12-04T13:09:45.891190,2586.88,SEK,INV-01-00143,Cloud Services Co,customer_receipt,0,0,0
ACC-001,2025-11-27T13:09:45.891190,49762.32,EUR,INV-01-00014,StartupHub,customer_receipt,0,0,0
ACC-001,2025-12-02T13:09:45.891190,14441.26,CHF,INV-01-00061,StartupHub,customer_receipt,0,0,0
ACC-001,2025-12-05T13:09:45.891190,-25570.23,SEK,TXN-000095,IT Support Services,rent,19.7,0,0
ACC-001,2025-10-18T13:09:45.891190,13781.45,GBP,TXN-000096,Office Supplies Pro,rent,0,0,0
ACC-001,2025-11-09T13:09:45.891190,36315.37,EUR,INV-01-00010,Smart Solutions,customer_receipt,0,0,0
ACC-001,2025-11-15T13:09:45.891190,-6656.47,DKK,TXN-000098-PAYMENT,Consulting Partners,payroll,0,0,0
ACC-001,2025-12-07T13:09:45.891190,33019.32,GBP,INV-01-00017,StartupHub,customer_receipt,0,0,0
ACC-001,2025-12-24T13:09:45.891190,27830.9,GBP,TXN-000100,Utilities Corp,customer_receipt,0,0,0
ACC-001,2025-11-30T13:09:45.891190,3216.88,CHF,INV-01-00158,Cloud Services Co,customer_receipt,0,0,0
ACC-001,2025-10-10T13:09:45.891190,19370.72,SEK,INV-01-00131-PAYMENT,Enterprise Systems,customer_receipt,0,0,0
ACC-001,2025-12-28T13:09:45.891190,11737.3,CHF,INV-01-00178,Cloud Services Co,customer_receipt,0,0,0
ACC-001,2025-10-27T13:09:45.891190,-48743.28,USD,TXN-000104,StartupHub,tax,0,0,0
ACC-001,2025-11-09T13:09:45.891190,31509.06,SEK,INV-01-00073,Enterprise Systems,customer_receipt,0,0,0
ACC-001,2025-11-03T13:09:45.891190,13138.41,GBP,TXN-000106,StartupHub,customer_receipt,0,0,0
ACC-001,2025-12-06T13:09:45.891190,41688.17,GBP,INV-01-00130,Future Tech,customer_receipt,33.12,0,0
ACC-001,2025-10-10T13:09:45.891190,49015.0,NOK,INV-01-00162,Cloud Services Co,customer_receipt,0,0,0
ACC-001,2025-12-15T13:09:45.891190,3934.6299999999997,EUR,INV-01-00096,Smart Solutions,customer_receipt,32.32,0,0
ACC-001,2025-12-20T13:09:45.891190,1396.8,DKK,INV-01-00087,MegaCorp International,customer_receipt,0,0,0
ACC-001,2025-11-04T13:09:45.891190,23446.07,GBP,TXN-000111,Cloud Infrastructure Inc,payroll,0,0,0
ACC-001,2025-12-28T13:09:45.891190,13027.57,CHF,TXN-000112,Utilities Corp,loan,0,0,0
ACC-001,2025-12-06T13:09:45.891190,18291.86,USD,INV-01-00157,Enterprise Systems,customer_receipt,0,0,0
ACC-001,2025-12-06T13:09:45.891190,-32237.34,EUR,TXN-000114,Facilities Management,payroll,0,0,0
ACC-001,2025-11-29T13:09:45.891190,24541.99,USD,INV-01-00163,StartupHub,customer_receipt,0,0,0
ACC-001,2025-12-23T13:09:45.891190,49979.03,EUR,INV-01-00193,StartupHub,customer_receipt,0,0,0
ACC-001,2025-12-27T13:09:45.891190,23148.27,GBP,INV-01-00100,Smart Solutions,customer_receipt,0,0,0
ACC-001,2025-11-01T13:09:45.891190,12999.02,GBP,INV-01-00153,MegaCorp International,customer_receipt,0,0,0
ACC-001,2025-10-24T13:09:45.891190,-26068.47,USD,TXN-000119,Innovation Partners,payroll,0,0,0
ACC-001,2025-12-24T13:09:45.891190,11737.3,USD,INV-01-00178,Cloud Services Co,customer_receipt,0,0,0
ACC-001,2025-11-08T13:09:45.891190,21.49,EUR,INV-000121,MegaCorp International,supplier_payment,0,0,0
ACC-001,2025-11-26T13:09:45.891190,18178.59,NOK,TXN-000122,IT Support Services,tax,23.77,0,0
ACC-001,2025-12-03T13:09:45.891190,23366.45,GBP,PART-INV-01-00046,Acme Corporation,customer_receipt,0,0,0
ACC-001,2025-11-28T13:09:45.891190,32830.77,NOK,TXN-000124,TechStart Inc,payroll,0,0,0
ACC-001,2025-11-10T13:09:45.891190,28634.51,DKK,INV-01-00051,Future Tech,customer_receipt,0,0,0
ACC-001,2025-12-31T13:09:45.891190,31509.06,DKK,INV-01-00073,Enterprise Systems,customer_receipt,0,0,0
ACC-001,2026-01-04T13:09:45.891190,18280.850000000002,USD,INV0100105,MegaCorp International,customer_receipt,45.46,0,0
ACC-001,2026-01-05T13:09:45.891190,-15755.71,EUR,TXN-000128,MegaCorp International,tax,0,0,0
ACC-001,2025-12-19T13:09:45.891190,-35197.6,NOK,TXN-000129,Future Tech,payroll,0,0,0
ACC-001,2025-12-03T13:09:45.891190,19459.27,DKK,INV-01-00126,NextGen Industries,customer_receipt,0,0,0
ACC-001,2025-12-28T13:09:45.891190,-35347.39,SEK,TXN-000131,Office Supplies Pro,payroll,0,0,0
ACC-001,2025-12-12T13:09:45.891190,16243.06,CHF,PAYMENT FOR PART-INV-01-00124,MegaCorp International,customer_receipt,0,0,0
ACC-001,2025-12-29T13:09:45.891190,31509.06,GBP,INV-01-00073,Enterprise Systems,customer_receipt,0,0,0
ACC-001,2025-12-09T13:09:45.891190,9916.19,CHF,INV-01-00149,Smart Solutions,customer_receipt,0,0,0
ACC-001,2025-11-20T13:09:45.891190,47426.67,USD,REF: INV-01-00150,StartupHub,customer_receipt,0,0,0
ACC-001,2025-11-22T13:09:45.891190,47906.99,NOK,INV-01-00050,MegaCorp International,customer_receipt,0,0,0
ACC-001,2025-11-02T13:09:45.891190,33997.71,NOK,TXN-000137,IT Support Services,supplier_payment,0,0,0
ACC-001,2025-11-11T13:09:45.891190,39534.2,NOK,INV-01-00135,Smart Solutions,customer_receipt,0,0,0
ACC-001,2025-10-15T13:09:45.891190,25849.0,USD,INV-01-00036,TechStart Inc,customer_receipt,0,0,0
ACC-001,2025-12-30T13:09:45.891190,37568.33,NOK,INV-01-00076,Enterprise Systems,customer_receipt,0,0,0
ACC-001,2025-11-11T13:09:45.891190,35684.21,USD,INV-01-00015,Enterprise Systems,customer_receipt,0,0,0
ACC-001,2025-11-15T13:09:45.891190,41731.44,SEK,TXN-000142,Digital Dynamics,rent,15.24,0,0
ACC-001,2025-10-14T13:09:45.891190,13700.39,USD,INV-01-00043,StartupHub,customer_receipt,0,0,0
ACC-001,2025-10-20T13:09:45.891190,10447.76,CHF,INV-01-00174-PAYMENT,Smart Solutions,customer_receipt,0,0,0
ACC-001,2025-10-22T13:09:45.891190,18589.99,NOK,INV-01-00003,TechStart Inc,customer_receipt,0,0,0
ACC-001,2025-11-09T13:09:45.891190,8826.12,CHF,INV-01-00177,TechStart Inc,customer_receipt,0,0,0
ACC-001,2025-11-15T13:09:45.891190,-17136.06,GBP,TXN-000147,NextGen Industries,loan,0,0,0
ACC-001,2025-12-27T13:09:45.891190,6263.87,USD,PART-INV-01-00129,NextGen Industries,customer_receipt,0,0,0
ACC-001,2025-12-12T13:09:45.891190,19370.72,EUR,INV-01-00131,Enterprise Systems,customer_receipt,0,0,0
ACC-001,2025-12-28T13:09:45.891190,17297.62,USD,TXN-000150,Legal Services Group,payroll,0,0,0
ACC-001,2025-11-17T13:09:45.891190,26285.26,NOK,TXN-000151,IT Support Services,payroll,0,0,0
ACC-001,2025-10-27T13:09:45.891190,13254.81,CHF,INV-01-00086,MegaCorp International,customer_receipt,0,0,0
ACC-001,2025-12-13T13:09:45.891190,35235.73,DKK,TXN-000153,Cloud Services Co,payroll,0,0,0
ACC-001,2025-11-10T13:09:45.891190,42516.47,GBP,INV-01-00106,MegaCorp International,customer_receipt,0,0,0
ACC-001,2025-11-22T13:09:45.891190,19459.27,GBP,INV-01-00126,NextGen Industries,customer_receipt,0,0,0
ACC-001,2025-10-08T13:09:45.891190,36199.78,CHF,INV-01-00154,Global Solutions Ltd,customer_receipt,0,0,0
ACC-001,2025-11-12T13:09:45.891190,17172.07,NOK,INV-01-00059,Innovation Partners,customer_receipt,36.7,0,0
ACC-001,2025-11-25T13:09:45.891190,26759.09,USD,INV-01-00148 | BANK REF,StartupHub,customer_receipt,0,0,0
ACC-001,2025-10-17T13:09:45.891190,11755.58,CHF,TXN-000159,Smart Solutions,customer_receipt,0,0,0
ACC-001,2025-11-26T13:09:45.891190,9294.03,CHF,TXN-000160,TechStart Inc,loan,0,0,0
ACC-001,2025-10-20T13:09:45.891190,637.48,CHF,PART-INV-01-00111,Innovation Partners,customer_receipt,20.42,0,0
ACC-001,2025-11-29T13:09:45.891190,-38896.92,SEK,TXN000162,Global Solutions Ltd,payroll,0,0,0
ACC-001,2025-12-03T13:09:45.891190,9822.79,DKK,INV-01-00084,NextGen Industries,customer_receipt,0,0,0
ACC-001,2025-10-16T13:09:45.891190,5667.44,NOK,TXN-000164,Acme Corporation,supplier_payment,0,0,0
ACC-001,2025-12-04T13:09:45.891190,37048.07,GBP,INV-01-00144,Enterprise Systems,customer_receipt,0,0,0
ACC-001,2025-11-02T13:09:45.891190,11737.3,GBP,INV-01-00178,Cloud Services Co,customer_receipt,0,0,0
ACC-001,2025-11-27T13:09:45.891190,43268.12,DKK,TXN000167,Cloud Infrastructure Inc,tax,0,0,0
ACC-001,2025-12-19T13:09:45.891190,32248.7,SEK,INV-01-00199,Cloud Services Co,customer_receipt,0,0,0
ACC-001,2025-11-19T13:09:45.891190,-17293.0,SEK,TXN-000169,NextGen Industries,rent,0,0,0
ACC-001,2025-12-15T13:09:45.891190,23934.61,DKK,PART-INV-01-00171,MegaCorp International,customer_receipt,0,0,0
ACC-001,2025-11-01T13:09:45.891190,4578.45,CHF,INV-01-00182,StartupHub,customer_receipt,0,0,0
ACC-001,2025-11-19T13:09:45.891190,-3394.33,SEK,TXN-000172,Digital Dynamics,loan,34.15,0,0
ACC-001,2025-12-20T13:09:45.891190,23945.86,CHF,TXN-000173,Acme Corporation,tax,0,0,0
ACC-001,2025-10-27T13:09:45.891190,37701.57,NOK,INV-01-00092,Future Tech,customer_receipt,0,0,0
ACC-001,2025-11-22T13:09:45.891190,3236.43,SEK,TXN-000175,Innovation Partners,rent,0,0,0
ACC-001,2025-10-31T13:09:45.891190,14412.26,EUR,INV-01-00061,StartupHub,customer_receipt,29.0,0,0
ACC-001,2025-11-06T13:09:45.891190,4007.63,USD,TXN-000177,MegaCorp International,payroll,0,0,0
ACC-001,2025-11-04T13:09:45.891190,32025.43,CHF,INV-01-00108,TechStart Inc,customer_receipt,0,0,0
ACC-001,2025-11-03T13:09:45.891190,9916.19,CHF,INV-01-00149,Smart Solutions,customer_receipt,0,0,0
ACC-001,2025-10-23T13:09:45.891190,47413.79,NOK,INV-01-00150,StartupHub,customer_receipt,12.88,0,0
ACC-001,2025-10-23T13:09:45.891190,13268.03,GBP,INV-01-00069,StartupHub,customer_receipt,0,0,0
ACC-001,2025-11-23T13:09:45.891190,-18312.04,CHF,TXN-000182,Global Solutions Ltd,rent,0,0,0
ACC-001,2025-11-28T13:09:45.891190,47426.67,GBP,INV-01-00150,StartupHub,customer_receipt,0,0,0
ACC-001,2025-11-06T13:09:45.891190,33653.46,NOK,TXN-000184,Travel Services,payroll,0,0,0
ACC-001,2025-10-13T13:09:45.891190,37577.98,USD,PAYMENT FOR TXN-000185,Travel Services,payroll,16.2,0,0
ACC-001,2025-10-12T13:09:45.891190,17167.66,NOK,INV-01-00059,Innovation Partners,customer_receipt,41.11,0,0
ACC-001,2025-11-30T13:09:45.891190,49015.0,USD,INV-01-00162,Cloud Services Co,customer_receipt,0,0,0
ACC-001,2025-10-11T13:09:45.891190,31031.97,NOK,TXN-000188,Enterprise Systems,supplier_payment,0,0,0
ACC-001,2025-10-11T13:09:45.891190,18326.31,CHF,INV-01-00105,MegaCorp International,customer_receipt,0,0,0
ACC-001,2025-10-13T13:09:45.891190,48853.74,NOK,INV-01-00060,Digital Dynamics,customer_receipt,0,0,0
ACC-001,2025-11-05T13:09:45.891190,4928.719999999999,CHF,PAYMENT FOR INV-01-00065,Enterprise Systems,customer_receipt,49.47,0,0
ACC-001,2025-12-15T13:09:45.891190,49015.0,DKK,INV-01-00162,Cloud Services Co,customer_receipt,0,0,0
ACC-001,2025-11-18T13:09:45.891190,-18856.91,SEK,TXN-000193,Smart Solutions,supplier_payment,0,0,0
ACC-001,2025-10-24T13:09:45.891190,-40360.17,USD,TXN-000194,Consulting Partners,supplier_payment,0,0,0
ACC-001,2025-11-28T13:09:45.891190,31160.23,USD,INV-01-00037,MegaCorp International,customer_receipt,0,0,0
ACC-001,2025-11-15T13:09:45.891190,42036.32,NOK,INV-01-00077,Digital Dynamics,customer_receipt,0,0,0
ACC-001,2025-11-11T13:09:45.891190,40844.7,CHF,INV-01-00200,Digital Dynamics,customer_receipt,0,0,0
ACC-001,2025-10-12T13:09:45.891190,14441.26,NOK,INV-01-00061,StartupHub,customer_receipt,0,0,0
ACC-001,2025-10-09T13:09:45.891190,34529.04,USD,INV-01-00082,TechStart Inc,customer_receipt,6.54,0,0
ACC-001,2025-12-08T13:09:45.891190,18589.99,DKK,INV-01-00003,TechStart Inc,customer_receipt,0,0,0
ACC-001,2025-12-26T13:09:45.891190,7720.15,NOK,TXN-000201,Innovation Partners,tax,0,0,0
ACC-001,2025-11-20T13:09:45.891190,32248.7,GBP,INV-01-00199,Cloud Services Co,customer_receipt,0,0,0
ACC-001,2026-01-01T13:09:45.891190,-1264.49,GBP,TXN-000203,Utilities Corp,customer_receipt,0,0,0
ACC-001,2025-10-11T13:09:45.891190,45907.47,USD,INV-01-00145,NextGen Industries,customer_receipt,0,0,0
ACC-001,2025-11-21T13:09:45.891190,33007.8,EUR,TXN000205,NextGen Industries,supplier_payment,0,0,0
ACC-001,2025-10-26T13:09:45.891190,47167.98,EUR,TXN-000206,IT Support Services,supplier_payment,0,0,0
ACC-001,2025-10-27T13:09:45.891190,37745.0,EUR,INV-01-00142,Cloud Services Co,customer_receipt,0,0,0
ACC-001,2025-11-24T13:09:45.891190,-13734.38,NOK,TXN-000208,IT Support Services,supplier_payment,0,0,0
ACC-001,2025-12-25T13:09:45.891190,11818.43,EUR,TXN-000209,Digital Dynamics,rent,0,0,0
ACC-001,2025-12-07T13:09:45.891190,44889.91,GBP,TXN-000210,IT Support Services,tax,0,0,0
ACC-001,2026-01-01T13:09:45.891190,25023.17,SEK,INV-01-00101,Innovation Partners,customer_receipt,0,0,0
ACC-001,2025-10-25T13:09:45.891190,19064.820000000003,DKK,INV-01-00025 | BANK REF,Cloud Services Co,customer_receipt,42.01,0,0
ACC-001,2025-11-30T13:09:45.891190,47834.66,DKK,TXN-000213,Cloud Services Co,loan,0,0,0
ACC-001,2025-11-12T13:09:45.891190,37678.51,SEK,INV-01-00092,Future Tech,customer_receipt,23.06,0,0
ACC-001,2025-11-18T13:09:45.891190,-34805.1,EUR,TXN-000215,Utilities Corp,payroll,10.28,0,0
ACC-001,2025-10-23T13:09:45.891190,9844.65,USD,TXN-000216,Legal Services Group,payroll,0,0,0
ACC-001,2025-10-13T13:09:45.891190,22547.1,EUR,INV-01-00139,Innovation Partners,customer_receipt,0,0,0
ACC-001,2025-11-05T13:09:45.891190,-7408.94,NOK,TXN-000218,Marketing Agency Ltd,payroll,0,0,0
ACC-001,2026-01-05T13:09:45.891190,9904.7,NOK,TXN-000219,Utilities Corp,tax,0,0,0
ACC-001,2025-11-12T13:09:45.891190,27096.54,GBP,INV-01-00112,Global Solutions Ltd,customer_receipt,0,0,0
ACC-001,2025-10-18T13:09:45.891190,24986.079999999998,SEK,INV-01-00101,Innovation Partners,customer_receipt,37.09,0,0
ACC-001,2025-11-11T13:09:45.891190,8474.67,SEK,PART-INV-01-00095,MegaCorp International,customer_receipt,40.14,0,0
ACC-001,2025-10-13T13:09:45.891190,6562.01,DKK,TXN-000223,Utilities Corp,tax,0,0,0
ACC-001,2025-12-21T13:09:45.891190,-40142.33,CHF,TXN-000224,Future Tech,payroll,0,0,0
ACC-001,2025-12-20T13:09:45.891190,21828.9,CHF,TXN000225,Legal Services Group,tax,0,0,0
ACC-001,2025-11-04T13:09:45.891190,12811.83,GBP,TXN-000226,Utilities Corp,customer_receipt,0,0,0
ACC-001,2025-12-05T13:09:45.891190,6821.74,DKK,INV-01-00159,NextGen Industries,customer_receipt,0,0,0
ACC-001,2025-10-14T13:09:45.891190,-14762.15,NOK,TXN-000228,Smart Solutions,tax,0,0,0
ACC-001,2025-12-17T13:09:45.891190,13268.03,DKK,INV-01-00069,StartupHub,customer_receipt,0,0,0
ACC-001,2025-10-19T13:09:45.891190,40166.37,NOK,INV-01-00074,Acme Corporation,customer_receipt,0,0,0
ACC-001,2025-10-19T13:09:45.891190,46590.36,CHF,TXN-000231,NextGen Industries,customer_receipt,0,0,0
ACC-001,2025-11-20T13:09:45.891190,25656.45,DKK,TXN-000232,Marketing Agency Ltd,payroll,0,0,0
ACC-001,2025-10-22T13:09:45.891190,31509.06,SEK,INV-01-00073,Enterprise Systems,customer_receipt,0,0,0
ACC-001,2025-11-27T13:09:45.891190,6048.53,EUR,TXN-000234,Facilities Management,supplier_payment,0,0,0
ACC-001,2025-10-26T13:09:45.891190,18291.86,CHF,INV-01-00157,Enterprise Systems,customer_receipt,0,0,0
ACC-001,2025-11-14T13:09:45.891190,47478.8,GBP,INV0100152,Acme Corporation,customer_receipt,0,0,0
ACC-001,2025-11-12T13:09:45.891190,-5731.29,USD,INV-000237,Digital Dynamics,loan,15.1,0,0
ACC-001,2025-11-04T13:09:45.891190,37683.21,DKK,INV-01-00092,Future Tech,customer_receipt,18.36,0,0
ACC-001,2025-11-01T13:09:45.891190,33793.07,SEK,TXN-000239,Facilities Management,rent,0,0,0
ACC-001,2025-11-26T13:09:45.891190,7746.98,GBP,PART-INV-01-00129,NextGen Industries,customer_receipt,0,0,0
ACC-001,2025-12-16T13:09:45.891190,-23644.27,USD,TXN-000241,Future Tech,payroll,0,0,0
ACC-001,2025-12-21T13:09:45.891190,23099.12,SEK,INV-01-00100,Smart Solutions,customer_receipt,49.15,0,0
ACC-001,2025-11-21T13:09:45.891190,3535.99,SEK,TXN-000243,Software Licenses Co,supplier_payment,0,0,0
ACC-001,2025-12-26T13:09:45.891190,-27603.62,EUR,TXN-000244,TechStart Inc,tax,0,0,0
ACC-001,2025-10-15T13:09:45.891190,-32865.88,NOK,TXN-000245,Facilities Management,loan,0,0,0
ACC-001,2025-11-12T13:09:45.891190,37745.0,NOK,INV0100142,Cloud Services Co,customer_receipt,0,0,0
ACC-001,2025-10-25T13:09:45.891190,43019.52,CHF,INV-01-00190,Enterprise Systems,customer_receipt,0,0,0
ACC-001,2025-12-19T13:09:45.891190,24827.28,CHF,INV-01-00125,Enterprise Systems,customer_receipt,0,0,0
ACC-001,2025-12-22T13:09:45.891190,11261.1,SEK,PART-INV-01-00023,NextGen Industries,customer_receipt,0,0,0
ACC-001,2025-10-17T13:09:45.891190,2586.88,NOK,INV-01-00143,Cloud Services Co,customer_receipt,0,0,0
ACC-001,2025-12-23T13:09:45.891190,45611.64,DKK,INV-01-00080,Future Tech,customer_receipt,0,0,0
ACC-001,2025-11-19T13:09:45.891190,46141.5,NOK,INV-01-00191,Cloud Services Co,customer_receipt,47.58,0,0
ACC-001,2025-12-07T13:09:45.891190,3196.4300000000003,GBP,INV-01-00158,Cloud Services Co,customer_receipt,20.45,0,0
ACC-001,2025-12-10T13:09:45.891190,47793.65,GBP,INV-01-00168,Digital Dynamics,customer_receipt,16.72,0,0
ACC-001,2025-11-09T13:09:45.891190,13268.449999999999,EUR,TXN-000255,Enterprise Systems,rent,32.28,0,0
ACC-001,2025-11-18T13:09:45.891190,-40450.97,SEK,INV-000256,Acme Corporation,customer_receipt,0,0,0
ACC-001,2025-11-01T13:09:45.891190,19106.83,SEK,INV-01-00025,Cloud Services Co,customer_receipt,0,0,0
ACC-001,2025-10-27T13:09:45.891190,49759.81,CHF,INV0100140,TechStart Inc,customer_receipt,0,0,0
ACC-001,2025-10-11T13:09:45.891190,37967.19,DKK,TXN-000259,Digital Dynamics,tax,0,0,0
ACC-001,2025-11-21T13:09:45.891190,30720.48,USD,TXN-000260,NextGen Industries,customer_receipt,0,0,0
ACC-001,2025-12-05T13:09:45.891190,-234.9,CHF,TXN-000261,Software Licenses Co,payroll,0,0,0
ACC-001,2025-11-08T13:09:45.891190,44401.11,DKK,TXN-000262,Global Solutions Ltd,payroll,0,0,0
ACC-001,2025-12-08T13:09:45.891190,18291.86,NOK,REF: INV-01-00157,Enterprise Systems,customer_receipt,0,0,0
ACC-001,2025-12-30T13:09:45.891190,9113.32,SEK,TXN-000264,Global Solutions Ltd,loan,0,0,0
ACC-001,2025-11-13T13:09:45.891190,2167.28,USD,TXN-000265,Travel Services,supplier_payment,0,0,0
ACC-001,2025-11-25T13:09:45.891190,19458.34,SEK,INV-01-00165,MegaCorp International,customer_receipt,6.07,0,0
ACC-001,2025-11-13T13:09:45.891190,12999.02,SEK,INV-01-00153,MegaCorp International,customer_receipt,0,0,0
ACC-001,2025-10-30T13:09:45.891190,-31192.11,SEK,INV-000268,Consulting Partners,rent,0,0,0
ACC-001,2025-11-22T13:09:45.891190,24827.28,DKK,INV-01-00125,Enterprise Systems,customer_receipt,0,0,0
ACC-001,2025-11-24T13:09:45.891190,-6619.59,USD,TXN-000270,Cloud Services Co,rent,0,0,0
ACC-001,2025-11-17T13:09:45.891190,42022.159999999996,NOK,INV-01-00077,Digital Dynamics,customer_receipt,14.16,0,0
ACC-001,2025-10-08T13:09:45.891190,-45476.61,DKK,TXN-000272,Enterprise Systems,payroll,0,0,0
ACC-001,2025-11-06T13:09:45.891190,41775.02,EUR,INV-01-00075,Future Tech,customer_receipt,0,0,0
ACC-001,2025-11-10T13:09:45.891190,23148.27,SEK,INV-01-00100,Smart Solutions,customer_receipt,0,0,0
ACC-001,2025-11-11T13:09:45.891190,40208.78,DKK,TXN-000275,Travel Services,loan,0,0,0
ACC-001,2025-11-01T13:09:45.891190,27096.54,SEK,INV-01-00112,Global Solutions Ltd,customer_receipt,0,0,0
ACC-001,2025-12-04T13:09:45.891190,14070.08,EUR,INV-01-00155,Enterprise Systems,customer_receipt,36.03,0,0
ACC-001,2025-11-18T13:09:45.891190,43019.52,NOK,INV-00190,Enterprise Systems,customer_receipt,0,0,0
ACC-001,2025-12-19T13:09:45.891190,19501.92,CHF,TXN-000279,NextGen Industries,payroll,0,0,0
ACC-001,2025-11-02T13:09:45.891190,38352.86,EUR,TXN-000280,Facilities Management,tax,49.8,0,0
ACC-001,2025-10-31T13:09:45.891190,49726.11,CHF,INV-01-00014,StartupHub,customer_receipt,36.21,0,0
ACC-001,2025-12-11T13:09:45.891190,-6189.14,USD,INV-000282,TechStart Inc,loan,0,0,0
ACC-001,2025-10-30T13:09:45.891190,-45624.21,NOK,TXN-000283-PAYMENT,MegaCorp International,payroll,0,0,0
ACC-001,2025-11-14T13:09:45.891190,47426.67,NOK,INV-01-00150,StartupHub,customer_receipt,0,0,0
ACC-001,2025-10-16T13:09:45.891190,34378.41,GBP,INV-01-00170 | BANK REF,StartupHub,customer_receipt,0,0,0
ACC-001,2025-11-17T13:09:45.891190,48817.93,SEK,INV-01-00060,Digital Dynamics,customer_receipt,35.81,0,0
ACC-001,2025-11-18T13:09:45.891190,31509.06,EUR,INV-01-00073,Enterprise Systems,customer_receipt,0,0,0
ACC-001,2025-10-23T13:09:45.891190,-49409.84,EUR,REF: TXN-000288,Office Supplies Pro,rent,0,0,0
ACC-001,2025-12-07T13:09:45.891190,2765.38,GBP,INV-01-00029,StartupHub,customer_receipt,0,0,0
ACC-001,2025-12-09T13:09:45.891190,-11323.29,NOK,TXN-000290,Future Tech,loan,0,0,0
ACC-001,2025-11-23T13:09:45.891190,45516.71,NOK,INV-01-00064,Smart Solutions,customer_receipt,0,0,0
ACC-001,2025-10-28T13:09:45.891190,12999.02,DKK,INV-01-00153,MegaCorp International,customer_receipt,0,0,0
ACC-001,2026-01-06T13:09:45.891190,35684.21,CHF,INV-01-00015,Enterprise Systems,customer_receipt,0,0,0
ACC-001,2025-11-28T13:09:45.891190,37745.0,NOK,INV-01-00142,Cloud Services Co,customer_receipt,0,0,0
ACC-001,2025-11-20T13:09:45.891190,12999.02,NOK,INV-01-00153,MegaCorp International,customer_receipt,0,0,0
ACC-001,2025-11-01T13:09:45.891190,1773.27,NOK,INV-01-00099,Enterprise Systems,customer_receipt,0,0,0
ACC-001,2025-11-24T13:09:45.891190,11887.63,USD,TXN-000297,Facilities Management,tax,0,0,0
ACC-001,2025-11-15T13:09:45.891190,11261.1,DKK,PART-INV-01-00023,NextGen Industries,customer_receipt,0,0,0
ACC-001,2025-12-31T13:09:45.891190,-44911.43,USD,TXN-000299,Facilities Management,supplier_payment,0,0,0
ACC-001,2025-10-30T13:09:45.891190,-47616.46,SEK,TXN-000300,Consulting Partners,loan,0,0,0
ACC-001,2025-11-02T13:09:45.891190,-61756.22,USD,IC-TRANSFER-3-1,Gitto UK,intercompany_transfer,0,0,1
ACC-003,2025-11-02T13:09:45.891190,61756.22,USD,IC-TRANSFER-1-1,Gitto US,intercompany_transfer,0,0,1
ACC-001,2025-12-06T13:09:45.891190,-47016.08,USD,IC-TRANSFER-2-2,Gitto EU,intercompany_transfer,0,0,1
ACC-002,2025-12-06T13:09:45.891190,47016.08,USD,IC-TRANSFER-1-2,Gitto US,intercompany_transfer,0,0,1
ACC-001,2025-10-24T13:09:45.891190,-88122.71,USD,IC-TRANSFER-2-3,Gitto EU,intercompany_transfer,0,0,1
ACC-002,2025-10-24T13:09:45.891190,88122.71,USD,IC-TRANSFER-1-3,Gitto US,intercompany_transfer,0,0,1
ACC-001,2025-12-25T13:09:45.891190,-38459.31,USD,IC-TRANSFER-3-4,Gitto UK,intercompany_transfer,0,0,1
ACC-003,2025-12-25T13:09:45.891190,38459.31,USD,IC-TRANSFER-1-4,Gitto US,intercompany_transfer,0,0,1
ACC-001,2025-10-16T13:09:45.891190,-70857.05,USD,IC-TRANSFER-2-5,Gitto EU,intercompany_transfer,0,0,1
ACC-002,2025-10-16T13:09:45.891190,70857.05,USD,IC-TRANSFER-1-5,Gitto US,intercompany_transfer,0,0,1
ACC-001,2025-10-14T13:09:45.891190,-11931.95,USD,IC-TRANSFER-2-6,Gitto EU,intercompany_transfer,0,0,1
ACC-002,2025-10-14T13:09:45.891190,11931.95,USD,IC-TRANSFER-1-6,Gitto US,intercompany_transfer,0,0,1
ACC-001,2025-11-17T13:09:45.891190,-86734.08,USD,IC-TRANSFER-3-7,Gitto UK,intercompany_transfer,0,0,1
ACC-003,2025-11-17T13:09:45.891190,86734.08,USD,IC-TRANSFER-1-7,Gitto US,intercompany_transfer,0,0,1
ACC-002,2025-10-16T13:09:45.894400,-14330.36,SEK,TXN-000001,Innovation Partners,payroll,0,0,0
ACC-002,2025-11-15T13:09:45.894400,-5308.02,USD,TXN-000002,Cloud Services Co,payroll,30.28,0,0
ACC-002,2025-12-26T13:09:45.894400,46306.76,NOK,INV-02-00042,Acme Corporation,customer_receipt,0,0,0
ACC-002,2025-11-08T13:09:45.894400,4489.57,USD,INV-02-00101,NextGen Industries,customer_receipt,0,0,0
ACC-002,2025-12-08T13:09:45.894400,-40293.11,NOK,TXN-000005 | BANK REF,Marketing Agency Ltd,tax,0,0,0
ACC-002,2025-12-04T13:09:45.894400,-13761.58,NOK,TXN-000006,Consulting Partners,supplier_payment,0,0,0
ACC-002,2025-11-24T13:09:45.894400,49041.8,CHF,INV-02-00052,Future Tech,customer_receipt,11.07,0,0
ACC-002,2025-12-28T13:09:45.894400,-38902.82,DKK,TXN-000008,Utilities Corp,supplier_payment,0,0,0
ACC-002,2025-12-10T13:09:45.894400,446.64,USD,PART-INV-02-00003,Enterprise Systems,customer_receipt,45.1,0,0
ACC-002,2025-11-12T13:09:45.894400,19250.87,EUR,INV-02-00091,MegaCorp International,customer_receipt,0,0,0
ACC-002,2026-01-05T13:09:45.894400,14474.11,CHF,INV-02-00060-PAYMENT,Cloud Services Co,customer_receipt,0,0,0
ACC-002,2025-12-31T13:09:45.894400,15395.42,SEK,INV-02-00099,MegaCorp International,customer_receipt,0,0,0
ACC-002,2025-10-10T13:09:45.894400,15153.2,CHF,INV-00087,Acme Corporation,customer_receipt,0,0,0
ACC-002,2025-11-11T13:09:45.894400,16282.63,DKK,INV-02-00012,StartupHub,customer_receipt,0,0,0
ACC-002,2025-11-20T13:09:45.894400,12471.53,USD,INV-02-00152,Global Solutions Ltd,customer_receipt,20.58,0,0
ACC-002,2026-01-01T13:09:45.894400,40949.74,SEK,INV-02-00098 | BANK REF,NextGen Industries,customer_receipt,34.98,0,0
ACC-002,2025-10-17T13:09:45.894400,-47699.25,SEK,TXN-000017,Enterprise Systems,supplier_payment,0,0,0
ACC-002,2025-10-09T13:09:45.894400,27887.67,SEK,TXN-000018,Acme Corporation,loan,0,0,0
ACC-002,2025-12-05T13:09:45.894400,14921.96,NOK,PART-INV-02-00073,Future Tech,customer_receipt,0,0,0
ACC-002,2025-11-02T13:09:45.894400,26028.31,USD,INV-02-00045-PAYMENT,TechStart Inc,customer_receipt,0,0,0
ACC-002,2026-01-03T13:09:45.894400,38899.56,EUR,INV-02-00034,Digital Dynamics,customer_receipt,0,0,0
ACC-002,2025-12-07T13:09:45.894400,13331.45,CHF,PART-INV-02-00043,Acme Corporation,customer_receipt,0,0,0
ACC-002,2025-10-15T13:09:45.894400,-31393.51,EUR,TXN-000023,Utilities Corp,rent,0,0,0
ACC-002,2025-12-16T13:09:45.894400,46897.7,EUR,INV-02-00071,MegaCorp International,customer_receipt,0,0,0
ACC-002,2025-10-28T13:09:45.894400,-42422.02,GBP,TXN-000025,MegaCorp International,supplier_payment,0,0,0
ACC-002,2025-11-21T13:09:45.894400,665.45,NOK,TXN-000026,Cloud Infrastructure Inc,payroll,0,0,0
ACC-002,2025-10-15T13:09:45.894400,18332.609999999997,SEK,TXN-000027,Cloud Services Co,customer_receipt,20.49,0,0
ACC-002,2026-01-02T13:09:45.894400,-6959.05,GBP,TXN-000028,Legal Services Group,customer_receipt,31.47,0,0
ACC-002,2025-11-17T13:09:45.894400,10550.69,CHF,TXN-000029,Consulting Partners,payroll,0,0,0
ACC-002,2025-11-17T13:09:45.894400,7034.94,USD,INV-02-00108,NextGen Industries,customer_receipt,0,0,0
ACC-002,2025-11-29T13:09:45.894400,3189.47,DKK,INV-02-00013,Cloud Services Co,customer_receipt,0,0,0
ACC-002,2025-10-27T13:09:45.894400,47188.840000000004,EUR,TXN-000032,Legal Services Group,tax,38.77,0,0
ACC-002,2025-11-28T13:09:45.894400,28826.53,DKK,TXN-000033,Travel Services,supplier_payment,0,0,0
ACC-002,2025-10-20T13:09:45.894400,-32695.76,USD,TXN-000034,Cloud Services Co,supplier_payment,26.25,0,0
ACC-002,2025-12-17T13:09:45.894400,47462.38,SEK,INV-02-00143,Cloud Services Co,customer_receipt,0,0,0
ACC-002,2026-01-01T13:09:45.894400,-6666.12,GBP,TXN-000036,Cloud Services Co,tax,48.26,0,0
ACC-002,2025-11-30T13:09:45.894400,10781.77,NOK,INV-000037,Marketing Agency Ltd,supplier_payment,0,0,0
ACC-002,2025-12-26T13:09:45.894400,17525.57,USD,PART-INV-02-00057,Future Tech,customer_receipt,0,0,0
ACC-002,2026-01-04T13:09:45.894400,47567.4,CHF,INV-02-00123,MegaCorp International,customer_receipt,0,0,0
ACC-002,2025-11-08T13:09:45.894400,32044.78,USD,INV-02-00160,TechStart Inc,customer_receipt,0,0,0
ACC-002,2025-12-18T13:09:45.894400,40255.41,NOK,TXN-000041,Marketing Agency Ltd,payroll,0,0,0
ACC-002,2025-12-27T13:09:45.894400,33129.46,NOK,INV-02-00047,Smart Solutions,customer_receipt,0,0,0
ACC-002,2025-11-08T13:09:45.894400,5948.53,EUR,INV-02-00085,TechStart Inc,customer_receipt,0,0,0
ACC-002,2025-10-26T13:09:45.894400,11439.72,CHF,INV-02-00035,Future Tech,customer_receipt,0,0,0
ACC-002,2025-11-01T13:09:45.894400,40984.72,USD,INV-02-00098 | BANK REF,NextGen Industries,customer_receipt,0,0,0
ACC-002,2025-11-05T13:09:45.894400,42257.28,DKK,INV-02-00019,Global Solutions Ltd,customer_receipt,0,0,0
ACC-002,2025-11-17T13:09:45.894400,6187.79,DKK,TXN-000047,MegaCorp International,tax,0,0,0
ACC-002,2025-11-14T13:09:45.894400,-31180.49,USD,TXN-000048,Software Licenses Co,customer_receipt,0,0,0
ACC-002,2025-11-25T13:09:45.894400,1524.81,EUR,INV-02-00176,MegaCorp International,customer_receipt,0,0,0
ACC-002,2025-10-11T13:09:45.894400,40160.53,EUR,REF: INV-02-00074,Global Solutions Ltd,customer_receipt,0,0,0
ACC-002,2025-11-25T13:09:45.894400,22314.16,DKK,INV-02-00053,NextGen Industries,customer_receipt,0,0,0
ACC-002,2025-11-02T13:09:45.894400,18408.89,USD,INV-02-00100,MegaCorp International,customer_receipt,0,0,0
ACC-002,2025-10-23T13:09:45.894400,24414.32,USD,INV-02-00116,Innovation Partners,customer_receipt,19.69,0,0
ACC-002,2025-12-27T13:09:45.894400,42500.0,USD,INV-02-00138,Global Solutions Ltd,customer_receipt,0,0,0
ACC-002,2025-11-18T13:09:45.894400,23690.1,SEK,INV-02-00011,Future Tech,customer_receipt,0,0,0
ACC-002,2025-10-16T13:09:45.894400,26263.33,NOK,INV-02-00048,Global Solutions Ltd,customer_receipt,9.6,0,0
ACC-002,2025-11-20T13:09:45.894400,39470.62,CHF,INV-02-00133,Enterprise Systems,customer_receipt,20.46,0,0
ACC-002,2025-11-27T13:09:45.894400,9960.72,EUR,INV-02-00186,NextGen Industries,customer_receipt,0,0,0
ACC-002,2025-11-07T13:09:45.894400,-5114.429999999999,NOK,TXN-000059,Smart Solutions,supplier_payment,35.76,0,0
ACC-002,2025-10-25T13:09:45.894400,-27448.01,DKK,TXN-000060-PAYMENT,Future Tech,supplier_payment,0,0,0
ACC-002,2025-10-11T13:09:45.894400,-10419.12,SEK,TXN-000061,NextGen Industries,tax,0,0,0
ACC-002,2025-11-03T13:09:45.894400,1558.39,GBP,INV-02-00072,StartupHub,customer_receipt,0,0,0
ACC-002,2025-11-04T13:09:45.894400,8158.32,NOK,TXN-000063,Cloud Services Co,tax,0,0,0
ACC-002,2025-10-28T13:09:45.894400,-21858.29,GBP,TXN-000064,IT Support Services,tax,0,0,0
ACC-002,2025-11-27T13:09:45.894400,4085.63,SEK,INV-02-00112,Innovation Partners,customer_receipt,17.84,0,0
ACC-002,2025-10-22T13:09:45.894400,17143.43,DKK,TXN-000066,Innovation Partners,supplier_payment,41.21,0,0
ACC-002,2025-11-15T13:09:45.894400,29950.72,SEK,INV-02-00200,StartupHub,customer_receipt,0,0,0
ACC-002,2025-11-09T13:09:45.894400,-13906.17,EUR,TXN000068,Future Tech,rent,0,0,0
ACC-002,2025-11-03T13:09:45.894400,49412.3,NOK,INV-02-00066,NextGen Industries,customer_receipt,0,0,0
ACC-002,2025-10-29T13:09:45.894400,47462.38,SEK,INV-02-00143,Cloud Services Co,customer_receipt,0,0,0
ACC-002,2025-10-08T13:09:45.894400,2620.48,DKK,REF: INV-02-00090,Enterprise Systems,customer_receipt,0,0,0
ACC-002,2025-11-15T13:09:45.894400,18408.89,USD,INV-02-00100,MegaCorp International,customer_receipt,0,0,0
ACC-002,2025-11-01T13:09:45.894400,39265.32,GBP,INV-02-00136,Enterprise Systems,customer_receipt,0,0,0
ACC-002,2025-11-15T13:09:45.894400,29063.21,GBP,INV-02-00149,TechStart Inc,customer_receipt,0,0,0
ACC-002,2025-11-03T13:09:45.894400,9081.04,DKK,INV-02-00162,Smart Solutions,customer_receipt,33.65,0,0
ACC-002,2025-10-22T13:09:45.894400,41483.63,SEK,INV-02-00167,Smart Solutions,customer_receipt,15.57,0,0
ACC-002,2026-01-04T13:09:45.894400,-22686.54,NOK,INV-000077,Marketing Agency Ltd,customer_receipt,0,0,0
ACC-002,2025-12-06T13:09:45.894400,16282.63,SEK,INV-02-00012,StartupHub,customer_receipt,0,0,0
ACC-002,2025-11-13T13:09:45.894400,15661.0,GBP,TXN-000079,Smart Solutions,loan,0,0,0
ACC-002,2025-11-01T13:09:45.894400,15395.42,EUR,INV-02-00099,MegaCorp International,customer_receipt,0,0,0
ACC-002,2026-01-05T13:09:45.894400,-45587.69,DKK,TXN-000081,Cloud Infrastructure Inc,rent,0,0,0
ACC-002,2025-12-16T13:09:45.894400,-21348.29,GBP,PAYMENT FOR TXN-000082,Legal Services Group,tax,0,0,0
ACC-002,2025-11-29T13:09:45.894400,4076.7,CHF,TXN-000083,Travel Services,payroll,0,0,0
ACC-002,2025-12-16T13:09:45.894400,26731.33,EUR,TXN000084,Marketing Agency Ltd,loan,0,0,0
ACC-002,2025-12-06T13:09:45.894400,38477.23,NOK,TXN-000085,StartupHub,loan,0,0,0
ACC-002,2025-12-27T13:09:45.894400,3169.1,NOK,INV-02-00013,Cloud Services Co,customer_receipt,20.37,0,0
ACC-002,2025-11-03T13:09:45.894400,5887.57,DKK,PART-INV-02-00029,Innovation Partners,customer_receipt,0,0,0
ACC-002,2025-12-16T13:09:45.894400,15028.23,SEK,INV-02-00040,Acme Corporation,customer_receipt,9.67,0,0
ACC-002,2025-10-22T13:09:45.894400,-33529.81,GBP,TXN-000089,MegaCorp International,tax,0,0,0
ACC-002,2025-11-27T13:09:45.894400,41608.68,CHF,INV-02-00144,TechStart Inc,customer_receipt,0,0,0
ACC-002,2025-10-27T13:09:45.894400,48795.06,USD,TXN-000091,Travel Services,tax,0,0,0
ACC-002,2025-10-26T13:09:45.894400,39318.35,GBP,TXN-000092,Enterprise Systems,tax,0,0,0
ACC-002,2025-11-03T13:09:45.894400,1289.05,DKK,INV-02-00146,MegaCorp International,customer_receipt,0,0,0
ACC-002,2025-11-03T13:09:45.894400,48264.16,EUR,REF: INV-02-00005,Future Tech,customer_receipt,0,0,0
ACC-002,2025-12-01T13:09:45.894400,19440.11,EUR,INV-02-00161,TechStart Inc,customer_receipt,0,0,0
ACC-002,2025-12-01T13:09:45.894400,-19978.45,NOK,TXN-000096,Innovation Partners,payroll,0,0,0
ACC-002,2025-11-17T13:09:45.894400,-45812.51,CHF,TXN-000097,TechStart Inc,tax,0,0,0
ACC-002,2026-01-04T13:09:45.894400,-11624.47,NOK,TXN-000098,Enterprise Systems,tax,0,0,0
ACC-002,2025-12-09T13:09:45.894400,19472.55,GBP,INV-02-00008,StartupHub,customer_receipt,0,0,0
ACC-002,2025-12-27T13:09:45.894400,12473.05,NOK,INV-02-00032,StartupHub,customer_receipt,0,0,0
ACC-002,2025-10-12T13:09:45.894400,491.74,NOK,PART-INV-02-00003,Enterprise Systems,customer_receipt,0,0,0
ACC-002,2025-10-24T13:09:45.894400,-28344.46,EUR,TXN-000102,Acme Corporation,loan,0,0,0
ACC-002,2026-01-05T13:09:45.894400,-5557.0,SEK,TXN-000103,Legal Services Group,payroll,0,0,0
ACC-002,2025-10-30T13:09:45.894400,-45128.51,USD,TXN-000104,IT Support Services,tax,0,0,0
ACC-002,2025-10-22T13:09:45.894400,14215.53,EUR,PART-INV-02-00024,Global Solutions Ltd,customer_receipt,0,0,0
ACC-002,2025-11-26T13:09:45.894400,18751.22,USD,INV-02-00171,StartupHub,customer_receipt,0,0,0
ACC-002,2025-12-21T13:09:45.894400,-45612.53,CHF,TXN-000107,MegaCorp International,loan,0,0,0
ACC-002,2025-12-24T13:09:45.894400,44804.11,GBP,TXN-000108-PAYMENT,Digital Dynamics,supplier_payment,0,0,0
ACC-002,2025-12-16T13:09:45.894400,-6976.339999999999,SEK,TXN-000109,StartupHub,loan,26.31,0,0
ACC-002,2025-11-28T13:09:45.894400,-43306.15,USD,TXN000110,StartupHub,tax,0,0,0
ACC-002,2026-01-01T13:09:45.894400,47171.75,SEK,INV-02-00059-PAYMENT,Cloud Services Co,customer_receipt,0,0,0
ACC-002,2025-12-31T13:09:45.894400,32719.76,SEK,INV-02-00095,MegaCorp International,customer_receipt,0,0,0
ACC-002,2026-01-05T13:09:45.894400,1558.39,SEK,INV-02-00072-PAYMENT,StartupHub,customer_receipt,0,0,0
ACC-002,2025-10-09T13:09:45.894400,-38724.74,GBP,TXN-000114,Consulting Partners,rent,0,0,0
ACC-002,2025-12-07T13:09:45.894400,36058.57,USD,TXN-000115,Innovation Partners,loan,0,0,0
ACC-002,2025-10-17T13:09:45.894400,2284.47,DKK,PART-INV-02-00006,Digital Dynamics,customer_receipt,10.71,0,0
ACC-002,2025-10-29T13:09:45.894400,-2231.16,DKK,TXN-000117,Global Solutions Ltd,rent,0,0,0
ACC-002,2025-12-02T13:09:45.894400,43741.43,USD,TXN-000118,Cloud Infrastructure Inc,customer_receipt,19.42,0,0
ACC-002,2025-10-24T13:09:45.894400,43078.0,SEK,TXN-000119,Software Licenses Co,supplier_payment,0,0,0
ACC-002,2025-12-23T13:09:45.894400,14604.1,EUR,TXN-000120,Cloud Services Co,supplier_payment,0,0,0
ACC-002,2025-12-18T13:09:45.894400,32645.32,NOK,INV-02-00010,NextGen Industries,customer_receipt,45.12,0,0
ACC-002,2025-12-06T13:09:45.894400,4489.57,GBP,INV-02-00101,NextGen Industries,customer_receipt,0,0,0
ACC-002,2025-11-16T13:09:45.894400,42959.13,CHF,INV-02-00190,Enterprise Systems,customer_receipt,0,0,0
ACC-002,2026-01-03T13:09:45.894400,1134.64,SEK,PART-INV-02-00120,Global Solutions Ltd,customer_receipt,0,0,0
ACC-002,2025-11-20T13:09:45.894400,49052.87,EUR,INV-02-00052 | BANK REF,Future Tech,customer_receipt,0,0,0
ACC-002,2025-11-13T13:09:45.894400,40984.72,GBP,INV-02-00098,NextGen Industries,customer_receipt,0,0,0
ACC-002,2025-11-19T13:09:45.894400,6601.49,GBP,TXN-000127,NextGen Industries,supplier_payment,0,0,0
ACC-002,2025-10-25T13:09:45.894400,16546.89,USD,INV-02-00069,MegaCorp International,customer_receipt,0,0,0
ACC-002,2025-12-06T13:09:45.894400,-13851.31,NOK,TXN-000129,MegaCorp International,supplier_payment,0,0,0
ACC-002,2025-11-20T13:09:45.894400,-20853.89,CHF,TXN-000130,Software Licenses Co,loan,0,0,0
ACC-002,2025-11-11T13:09:45.894400,47462.38,GBP,INV-02-00143,Cloud Services Co,customer_receipt,0,0,0
ACC-002,2025-11-25T13:09:45.894400,21143.83,EUR,REF: PART-INV-02-00185,TechStart Inc,customer_receipt,0,0,0
ACC-002,2025-12-05T13:09:45.894400,3432.9,DKK,INV-02-00092,Digital Dynamics,customer_receipt,0,0,0
ACC-002,2025-11-11T13:09:45.894400,29926.47,SEK,INV-02-00200,StartupHub,customer_receipt,24.25,0,0
ACC-002,2025-10-23T13:09:45.894400,36633.31,EUR,INV-02-00155,StartupHub,customer_receipt,10.53,0,0
ACC-002,2025-12-17T13:09:45.894400,11708.55,EUR,INV-02-00022,StartupHub,customer_receipt,0,0,0
ACC-002,2025-10-15T13:09:45.894400,18652.24,GBP,TXN-000137,Utilities Corp,rent,20.19,0,0
ACC-002,2025-12-26T13:09:45.894400,38927.51,SEK,INV-02-00088,Digital Dynamics,customer_receipt,0,0,0
ACC-002,2025-12-17T13:09:45.894400,5948.53,USD,INV-02-00085,TechStart Inc,customer_receipt,0,0,0
ACC-002,2025-10-28T13:09:45.894400,32473.62,GBP,TXN-000140,Software Licenses Co,customer_receipt,38.32,0,0
ACC-002,2025-11-07T13:09:45.894400,-37543.67,USD,TXN-000141,Cloud Infrastructure Inc,supplier_payment,0,0,0
ACC-002,2025-12-21T13:09:45.894400,-22052.93,CHF,TXN000142,NextGen Industries,tax,0,0,0
ACC-002,2025-11-29T13:09:45.894400,16410.68,NOK,INV-02-00036,Innovation Partners,customer_receipt,0,0,0
ACC-002,2025-11-11T13:09:45.894400,35058.64,CHF,TXN-000144,Acme Corporation,rent,0,0,0
ACC-002,2025-12-25T13:09:45.894400,2393.54,USD,TXN-000145,Marketing Agency Ltd,rent,0,0,0
ACC-002,2026-01-05T13:09:45.894400,38932.63,CHF,INV-02-00028,NextGen Industries,customer_receipt,0,0,0
ACC-002,2025-11-12T13:09:45.894400,45334.19,USD,INV-02-00113,StartupHub,customer_receipt,0,0,0
ACC-002,2026-01-03T13:09:45.894400,13961.51,NOK,INV-02-00166,NextGen Industries,customer_receipt,0,0,0
ACC-002,2025-11-21T13:09:45.894400,41129.31,CHF,INV-02-00007,Digital Dynamics,customer_receipt,0,0,0
ACC-002,2025-11-11T13:09:45.894400,40918.8,CHF,PAYMENT FOR TXN-000150,StartupHub,supplier_payment,0,0,0
ACC-002,2025-12-29T13:09:45.894400,24204.96,USD,INV-02-00078,MegaCorp International,customer_receipt,0,0,0
ACC-002,2026-01-06T13:09:45.894400,47916.15,NOK,TXN-000152,Future Tech,customer_receipt,0,0,0
ACC-002,2025-12-04T13:09:45.894400,19239.5,DKK,PAYMENT FOR INV-02-00091,MegaCorp International,customer_receipt,11.37,0,0
ACC-002,2025-11-06T13:09:45.894400,-27091.13,SEK,TXN-000154,IT Support Services,customer_receipt,0,0,0
ACC-002,2025-12-17T13:09:45.894400,28426.3,USD,TXN-000155,Cloud Services Co,payroll,0,0,0
ACC-002,2025-10-17T13:09:45.894400,46888.13,USD,INV-02-00071,MegaCorp International,customer_receipt,9.57,0,0
ACC-002,2025-11-24T13:09:45.894400,2920.35,USD,INV-02-00164,Global Solutions Ltd,customer_receipt,0,0,0
ACC-002,2025-10-29T13:09:45.894400,36324.07,EUR,INV-02-00003,Cloud Services Co,customer_receipt,0,0,0
ACC-002,2025-10-29T13:09:45.894400,34966.37,DKK,INV-02-00018,TechStart Inc,customer_receipt,12.02,0,0
ACC-002,2025-12-05T13:09:45.894400,-13280.92,USD,TXN-000160,Legal Services Group,supplier_payment,0,0,0
ACC-002,2025-10-16T13:09:45.894400,21143.83,GBP,PART-INV-02-00185,TechStart Inc,customer_receipt,0,0,0
ACC-002,2025-11-27T13:09:45.894400,39405.63,SEK,INV-02-00172,Enterprise Systems,customer_receipt,0,0,0
ACC-002,2025-11-22T13:09:45.894400,21213.6,DKK,PART-INV-02-00044,Global Solutions Ltd,customer_receipt,0,0,0
ACC-002,2025-12-11T13:09:45.894400,25163.13,EUR,TXN-000164,Cloud Infrastructure Inc,supplier_payment,0,0,0
ACC-002,2025-11-15T13:09:45.894400,14169.84,GBP,PART-INV-02-00024,Global Solutions Ltd,customer_receipt,45.69,0,0
ACC-002,2025-10-10T13:09:45.894400,45334.19,DKK,INV-02-00113,StartupHub,customer_receipt,0,0,0
ACC-002,2025-10-25T13:09:45.894400,6760.2,USD,PART-INV-02-00065,Global Solutions Ltd,customer_receipt,0,0,0
ACC-002,2025-11-09T13:09:45.894400,46881.71,CHF,INV-02-00081,Smart Solutions,customer_receipt,0,0,0
ACC-002,2025-11-30T13:09:45.894400,40160.53,USD,INV-02-00074,Global Solutions Ltd,customer_receipt,0,0,0
ACC-002,2025-12-06T13:09:45.894400,42274.67,DKK,TXN-000170,TechStart Inc,payroll,0,0,0
ACC-002,2025-12-12T13:09:45.894400,14215.53,DKK,PART-INV-02-00024,Global Solutions Ltd,customer_receipt,0,0,0
ACC-002,2025-10-29T13:09:45.894400,-43214.87,SEK,TXN-000172,NextGen Industries,rent,9.56,0,0
ACC-002,2025-12-27T13:09:45.894400,19472.55,CHF,INV-02-00008,StartupHub,customer_receipt,0,0,0
ACC-002,2025-12-26T13:09:45.894400,28559.82,DKK,PART-INV-02-00103,Future Tech,customer_receipt,0,0,0
ACC-002,2025-12-09T13:09:45.894400,26028.31,NOK,INV-02-00045,TechStart Inc,customer_receipt,0,0,0
ACC-002,2025-11-25T13:09:45.894400,22866.44,NOK,TXN-000176,Global Solutions Ltd,supplier_payment,0,0,0
ACC-002,2025-11-26T13:09:45.894400,-23289.42,EUR,TXN-000177-PAYMENT,Global Solutions Ltd,rent,0,0,0
ACC-002,2025-12-19T13:09:45.894400,15288.16,USD,INV-02-00049,Acme Corporation,customer_receipt,0,0,0
ACC-002,2025-11-03T13:09:45.894400,29942.74,GBP,INV-02-00200,StartupHub,customer_receipt,7.98,0,0
ACC-002,2025-12-10T13:09:45.894400,28666.100000000002,GBP,TXN-000180,Cloud Services Co,loan,35.12,0,0
ACC-002,2025-12-18T13:09:45.894400,47945.81,NOK,TXN-000181,Smart Solutions,rent,0,0,0
ACC-002,2026-01-01T13:09:45.894400,4103.47,SEK,INV-02-00112,Innovation Partners,customer_receipt,0,0,0
ACC-002,2025-10-10T13:09:45.894400,30618.9,SEK,TXN-000183,Future Tech,supplier_payment,0,0,0
ACC-002,2025-11-15T13:09:45.894400,1289.05,DKK,INV-00146,MegaCorp International,customer_receipt,0,0,0
ACC-002,2025-11-05T13:09:45.894400,3186.23,USD,INV-02-00079,Cloud Services Co,customer_receipt,0,0,0
ACC-002,2025-11-28T13:09:45.894400,19738.17,EUR,TXN-000186,Cloud Infrastructure Inc,loan,0,0,0
ACC-002,2025-12-31T13:09:45.894400,15134.070000000002,CHF,PART-INV-02-00087,Acme Corporation,customer_receipt,19.13,0,0
ACC-002,2025-12-07T13:09:45.894400,18578.34,GBP,INV-02-00154,Future Tech,customer_receipt,0,0,0
ACC-002,2025-12-09T13:09:45.894400,5948.53,USD,INV-02-00085,TechStart Inc,customer_receipt,0,0,0
ACC-002,2025-12-25T13:09:45.894400,5948.53,SEK,INV-02-00085,TechStart Inc,customer_receipt,0,0,0
ACC-002,2025-10-20T13:09:45.894400,42459.17,SEK,INV-02-00138,Global Solutions Ltd,customer_receipt,40.83,0,0
ACC-002,2026-01-05T13:09:45.894400,38899.56,EUR,INV-02-00034,Digital Dynamics,customer_receipt,0,0,0
ACC-002,2025-11-23T13:09:45.894400,23690.1,NOK,INV-02-00011,Future Tech,customer_receipt,0,0,0
ACC-002,2025-11-16T13:09:45.894400,5887.57,SEK,PART-INV-02-00029-PAYMENT,Innovation Partners,customer_receipt,0,0,0
ACC-002,2025-11-01T13:09:45.894400,3189.47,DKK,INV-02-00013,Cloud Services Co,customer_receipt,0,0,0
ACC-002,2025-10-17T13:09:45.894400,-39246.15,EUR,TXN-000196,Software Licenses Co,rent,0,0,0
ACC-002,2026-01-05T13:09:45.894400,14493.55,USD,INV-02-00094,StartupHub,customer_receipt,0,0,0
ACC-002,2026-01-04T13:09:45.894400,-46796.63,SEK,TXN-000198,Utilities Corp,supplier_payment,0,0,0
ACC-002,2025-11-07T13:09:45.894400,3659.14,NOK,INV-02-00145,Acme Corporation,customer_receipt,0,0,0
ACC-002,2026-01-06T13:09:45.894400,38927.51,SEK,INV-02-00088,Digital Dynamics,customer_receipt,0,0,0
ACC-002,2025-10-17T13:09:45.894400,-35232.0,GBP,TXN-000201,Digital Dynamics,supplier_payment,0,0,0
ACC-002,2025-10-23T13:09:45.894400,13600.0,NOK,INV-02-00170,NextGen Industries,customer_receipt,0,0,0
ACC-002,2026-01-06T13:09:45.894400,1134.64,EUR,PART-INV-02-00120,Global Solutions Ltd,customer_receipt,0,0,0
ACC-002,2025-10-16T13:09:45.894400,47419.53,CHF,INV-02-00143,Cloud Services Co,customer_receipt,42.85,0,0
ACC-002,2025-11-27T13:09:45.894400,8876.16,CHF,INV-02-00024,MegaCorp International,customer_receipt,0,0,0
ACC-002,2026-01-06T13:09:45.894400,4103.47,DKK,INV-02-00112,Innovation Partners,customer_receipt,0,0,0
ACC-002,2025-10-29T13:09:45.894400,40515.83,CHF,INV-02-00067,Cloud Services Co,customer_receipt,0,0,0
ACC-002,2025-12-24T13:09:45.894400,-16544.37,USD,TXN-000208-PAYMENT,Future Tech,rent,0,0,0
ACC-002,2025-11-20T13:09:45.894400,-8212.98,EUR,TXN-000209,Travel Services,payroll,0,0,0
ACC-002,2025-10-26T13:09:45.894400,30842.41,NOK,INV-02-00175,Enterprise Systems,customer_receipt,0,0,0
ACC-002,2025-12-25T13:09:45.894400,-22655.4,DKK,TXN-000211,IT Support Services,rent,0,0,0
ACC-002,2025-11-14T13:09:45.894400,30027.94,EUR,TXN-000212,Consulting Partners,rent,0,0,0
ACC-002,2025-12-27T13:09:45.894400,48264.16,DKK,INV-02-00005,Future Tech,customer_receipt,0,0,0
ACC-002,2025-11-06T13:09:45.894400,42904.84,USD,TXN-000214,Software Licenses Co,rent,0,0,0
ACC-002,2025-10-12T13:09:45.894400,7034.94,SEK,INV-02-00108,NextGen Industries,customer_receipt,0,0,0
ACC-002,2025-10-13T13:09:45.894400,32719.76,USD,INV-02-00095-PAYMENT,MegaCorp International,customer_receipt,0,0,0
ACC-002,2025-11-12T13:09:45.894400,18578.34,CHF,REF: INV-02-00154,Future Tech,customer_receipt,0,0,0
ACC-002,2025-12-23T13:09:45.894400,15449.92,SEK,PART-INV-02-00169,Enterprise Systems,customer_receipt,0,0,0
ACC-002,2025-10-22T13:09:45.894400,39267.73,CHF,INV-02-00196,Innovation Partners,customer_receipt,0,0,0
ACC-002,2025-12-30T13:09:45.894400,26632.06,EUR,INV-02-00119,MegaCorp International,customer_receipt,0,0,0
ACC-002,2025-10-10T13:09:45.894400,26261.67,USD,INV-02-00089,StartupHub,customer_receipt,46.9,0,0
ACC-002,2025-10-28T13:09:45.894400,17181.09,GBP,TXN-000222,Cloud Infrastructure Inc,supplier_payment,0,0,0
ACC-002,2025-12-28T13:09:45.894400,27115.920000000002,DKK,INV-02-00191,Global Solutions Ltd,customer_receipt,49.23,0,0
ACC-002,2025-10-22T13:09:45.894400,45358.55,SEK,TXN-000224,Smart Solutions,supplier_payment,0,0,0
ACC-002,2026-01-01T13:09:45.894400,27953.75,GBP,TXN-000225,Enterprise Systems,tax,0,0,0
ACC-002,2025-11-09T13:09:45.894400,-14675.98,SEK,TXN-000226,Innovation Partners,rent,0,0,0
ACC-002,2025-11-20T13:09:45.894400,29330.98,SEK,REF: TXN-000227,Cloud Services Co,supplier_payment,0,0,0
ACC-002,2025-11-20T13:09:45.894400,17525.57,CHF,PART-INV-02-00057,Future Tech,customer_receipt,0,0,0
ACC-002,2025-11-28T13:09:45.894400,23283.19,NOK,INV-02-00045,Enterprise Systems,customer_receipt,0,0,0
ACC-002,2025-10-16T13:09:45.894400,1134.64,DKK,PART-INV-02-00120,Global Solutions Ltd,customer_receipt,0,0,0
ACC-002,2025-11-18T13:09:45.894400,41288.28,EUR,TXN-000231,Legal Services Group,tax,0,0,0
ACC-002,2025-10-10T13:09:45.894400,16546.89,NOK,PAYMENT FOR INV-02-00069,MegaCorp International,customer_receipt,0,0,0
ACC-002,2025-12-06T13:09:45.894400,14134.09,SEK,INV-02-00002,Innovation Partners,customer_receipt,42.94,0,0
ACC-002,2025-11-20T13:09:45.894400,9247.06,NOK,TXN-000234,Facilities Management,rent,41.49,0,0
ACC-002,2025-12-01T13:09:45.894400,17200.0,EUR,INV-02-00112,Enterprise Systems,customer_receipt,0,0,0
ACC-002,2025-10-27T13:09:45.894400,16482.37,EUR,TXN-000236,Smart Solutions,tax,0,0,0
ACC-002,2025-10-10T13:09:45.894400,-13603.65,EUR,TXN-000237,NextGen Industries,tax,17.83,0,0
ACC-002,2025-10-22T13:09:45.894400,43124.14,EUR,TXN-000238,Enterprise Systems,payroll,16.89,0,0
ACC-002,2025-10-18T13:09:45.894400,21054.71,DKK,INV-02-00076,Cloud Services Co,customer_receipt,0,0,0
ACC-002,2025-12-17T13:09:45.894400,25484.06,SEK,TXN-000240,Global Solutions Ltd,loan,0,0,0
ACC-002,2025-10-20T13:09:45.894400,39267.73,EUR,INV-02-00196,Innovation Partners,customer_receipt,0,0,0
ACC-002,2025-11-11T13:09:45.894400,27933.57,EUR,PAYMENT FOR INV-02-00151,Smart Solutions,customer_receipt,0,0,0
ACC-002,2025-11-23T13:09:45.894400,8830.43,USD,TXN-000243 | BANK REF,TechStart Inc,tax,0,0,0
ACC-002,2025-11-08T13:09:45.894400,49792.09,SEK,INV-02-00198,Innovation Partners,customer_receipt,12.58,0,0
ACC-002,2026-01-06T13:09:45.894400,-39574.420000000006,NOK,TXN-000245,Marketing Agency Ltd,supplier_payment,38.2,0,0
ACC-002,2025-11-11T13:09:45.894400,30721.73,DKK,INV-00147,Digital Dynamics,customer_receipt,0,0,0
ACC-002,2025-12-02T13:09:45.894400,34299.71,USD,INV-02-00193,TechStart Inc,customer_receipt,0,0,0
ACC-002,2025-11-13T13:09:45.894400,-20729.37,EUR,INV-000248,Cloud Infrastructure Inc,rent,0,0,0
ACC-002,2025-11-28T13:09:45.894400,-24500.07,NOK,TXN-000249,Acme Corporation,customer_receipt,0,0,0
ACC-002,2025-12-21T13:09:45.894400,40480.630000000005,EUR,INV-02-00067,Cloud Services Co,customer_receipt,35.2,0,0
ACC-002,2025-10-17T13:09:45.894400,2620.48,USD,INV-02-00090,Enterprise Systems,customer_receipt,0,0,0
ACC-002,2025-12-30T13:09:45.894400,15037.9,NOK,INV-02-00040,Acme Corporation,customer_receipt,0,0,0
ACC-002,2025-12-04T13:09:45.894400,6486.849999999999,DKK,INV-02-00038,Enterprise Systems,customer_receipt,37.59,0,0
ACC-002,2025-12-13T13:09:45.894400,8059.7,USD,INV-02-00148,Smart Solutions,customer_receipt,0,0,0
ACC-002,2025-12-31T13:09:45.894400,-35408.45,GBP,TXN-000255,Innovation Partners,loan,0,0,0
ACC-002,2025-10-28T13:09:45.894400,19205.87,CHF,INV-02-00091 | BANK REF,MegaCorp International,customer_receipt,45.0,0,0
ACC-002,2025-11-13T13:09:45.894400,40142.96,EUR,INV-02-00074,Global Solutions Ltd,customer_receipt,17.57,0,0
ACC-002,2025-11-21T13:09:45.894400,43159.61,USD,INV-02-00187 | BANK REF,Smart Solutions,customer_receipt,0,0,0
ACC-002,2025-10-28T13:09:45.894400,-22438.44,USD,TXN-000259,Office Supplies Pro,payroll,0,0,0
ACC-002,2025-11-26T13:09:45.894400,5948.53,SEK,INV-02-00085,TechStart Inc,customer_receipt,0,0,0
ACC-002,2025-11-09T13:09:45.894400,-35530.78,NOK,TXN-000261,StartupHub,rent,0,0,0
ACC-002,2025-10-10T13:09:45.894400,17151.93,GBP,INV-02-00112,Enterprise Systems,customer_receipt,48.07,0,0
ACC-002,2026-01-01T13:09:45.894400,26308.57,SEK,INV-02-00089,StartupHub,customer_receipt,0,0,0
ACC-002,2025-10-08T13:09:45.894400,2986.0499999999997,DKK,TXN-000264,Marketing Agency Ltd,rent,5.88,0,0
ACC-002,2025-12-08T13:09:45.894400,29950.72,GBP,INV-02-00200,StartupHub,customer_receipt,0,0,0
ACC-002,2025-11-02T13:09:45.894400,-7515.13,SEK,TXN-000266,Smart Solutions,rent,0,0,0
ACC-002,2025-12-26T13:09:45.894400,46840.09,EUR,INV-02-00130 | BANK REF,Cloud Services Co,customer_receipt,0,0,0
ACC-002,2025-12-10T13:09:45.894400,-14311.93,EUR,TXN-000268,Facilities Management,payroll,0,0,0
ACC-002,2025-10-13T13:09:45.894400,-39680.76,NOK,TXN-000269,Future Tech,tax,0,0,0
ACC-002,2025-10-25T13:09:45.894400,34299.71,GBP,INV-02-00193,TechStart Inc,customer_receipt,0,0,0
ACC-002,2025-11-29T13:09:45.894400,3415.28,CHF,INV-00092,Digital Dynamics,customer_receipt,17.62,0,0
ACC-002,2025-10-19T13:09:45.894400,-40651.7,SEK,TXN-000272,Software Licenses Co,customer_receipt,0,0,0
ACC-002,2025-11-12T13:09:45.894400,43827.17,NOK,TXN-000273,Marketing Agency Ltd,loan,0,0,0
ACC-002,2025-11-19T13:09:45.894400,42595.15,SEK,TXN-000274,Innovation Partners,tax,27.67,0,0
ACC-002,2025-11-22T13:09:45.894400,16500.32,USD,INV-02-00064,NextGen Industries,customer_receipt,0,0,0
ACC-002,2025-12-20T13:09:45.894400,11422.33,USD,INV-02-00035,Future Tech,customer_receipt,17.39,0,0
ACC-002,2025-11-02T13:09:45.894400,47964.67,GBP,INV-02-00014,Cloud Services Co,customer_receipt,0,0,0
ACC-002,2025-10-25T13:09:45.894400,19402.45,GBP,INV-02-00161,TechStart Inc,customer_receipt,37.66,0,0
ACC-002,2025-10-27T13:09:45.894400,38016.64,USD,TXN-000279,Utilities Corp,tax,0,0,0
ACC-002,2025-10-12T13:09:45.894400,14177.03,CHF,INV-02-00002,Innovation Partners,customer_receipt,0,0,0
ACC-002,2025-10-27T13:09:45.894400,46941.17,NOK,INV-02-00058,Cloud Services Co,customer_receipt,0,0,0
ACC-002,2025-12-14T13:09:45.894400,-23385.99,SEK,TXN-000282,Facilities Management,loan,0,0,0
ACC-002,2025-12-31T13:09:45.894400,38638.82,CHF,TXN-000283,Software Licenses Co,rent,0,0,0
ACC-002,2025-11-10T13:09:45.894400,11131.93,DKK,INV-02-00159,Enterprise Systems,customer_receipt,0,0,0
ACC-002,2025-12-06T13:09:45.894400,-47997.23,EUR,TXN-000285,Office Supplies Pro,rent,0,0,0
ACC-002,2025-12-18T13:09:45.894400,-37322.11,SEK,TXN000286,Facilities Management,customer_receipt,0,0,0
ACC-002,2025-10-24T13:09:45.894400,31670.43,DKK,TXN-000287-PAYMENT,Facilities Management,supplier_payment,0,0,0
ACC-002,2025-11-20T13:09:45.894400,38442.1,GBP,TXN-000288,Facilities Management,customer_receipt,0,0,0
ACC-002,2025-10-13T13:09:45.894400,15288.16,USD,INV-02-00049,Acme Corporation,customer_receipt,0,0,0
ACC-002,2025-10-19T13:09:45.894400,24204.96,EUR,INV-02-00078,MegaCorp International,customer_receipt,0,0,0
ACC-002,2025-11-18T13:09:45.894400,2295.18,DKK,PART-INV-02-00006,Digital Dynamics,customer_receipt,0,0,0
ACC-002,2025-10-11T13:09:45.894400,23690.1,DKK,INV-02-00011,Future Tech,customer_receipt,0,0,0
ACC-002,2025-10-18T13:09:45.894400,-46951.69,EUR,TXN-000293,Travel Services,rent,13.57,0,0
ACC-002,2025-10-15T13:09:45.894400,42959.13,SEK,INV-02-00190,Enterprise Systems,customer_receipt,0,0,0
ACC-002,2025-11-17T13:09:45.894400,12446.95,SEK,INV-02-00054,Cloud Services Co,customer_receipt,0,0,0
ACC-002,2025-10-26T13:09:45.894400,25252.93,CHF,TXN-000296,Global Solutions Ltd,rent,0,0,0
ACC-002,2025-10-17T13:09:45.894400,44929.67,GBP,INV-02-00181,Future Tech,customer_receipt,0,0,0
ACC-002,2025-12-07T13:09:45.894400,3164.91,SEK,INV-02-00013,Cloud Services Co,customer_receipt,24.56,0,0
ACC-002,2025-11-25T13:09:45.894400,14493.55,GBP,INV-02-00094,StartupHub,customer_receipt,0,0,0
ACC-002,2025-11-07T13:09:45.894400,-22492.07,SEK,TXN-000300 | BANK REF,Consulting Partners,customer_receipt,0,0,0
ACC-002,2025-10-14T13:09:45.894400,-43260.97,EUR,IC-TRANSFER-3-1,Gitto UK,intercompany_transfer,0,0,1
ACC-003,2025-10-14T13:09:45.894400,43260.97,EUR,IC-TRANSFER-2-1,Gitto EU,intercompany_transfer,0,0,1
ACC-002,2025-10-29T13:09:45.894400,-37911.37,EUR,IC-TRANSFER-3-2,Gitto UK,intercompany_transfer,0,0,1
ACC-003,2025-10-29T13:09:45.894400,37911.37,EUR,IC-TRANSFER-2-2,Gitto EU,intercompany_transfer,0,0,1
ACC-002,2025-12-17T13:09:45.894400,-75663.97,EUR,IC-TRANSFER-3-3,Gitto UK,intercompany_transfer,0,0,1
ACC-003,2025-12-17T13:09:45.894400,75663.97,EUR,IC-TRANSFER-2-3,Gitto EU,intercompany_transfer,0,0,1
ACC-002,2025-10-14T13:09:45.894400,-66251.52,EUR,IC-TRANSFER-1-4,Gitto US,intercompany_transfer,0,0,1
ACC-001,2025-10-14T13:09:45.894400,66251.52,EUR,IC-TRANSFER-2-4,Gitto EU,intercompany_transfer,0,0,1
ACC-002,2025-11-29T13:09:45.894400,-28712.49,EUR,IC-TRANSFER-3-5,Gitto UK,intercompany_transfer,0,0,1
ACC-003,2025-11-29T13:09:45.894400,28712.49,EUR,IC-TRANSFER-2-5,Gitto EU,intercompany_transfer,0,0,1
ACC-002,2025-10-10T13:09:45.894400,-65628.2,EUR,IC-TRANSFER-3-6,Gitto UK,intercompany_transfer,0,0,1
ACC-003,2025-10-10T13:09:45.894400,65628.2,EUR,IC-TRANSFER-2-6,Gitto EU,intercompany_transfer,0,0,1
ACC-002,2025-10-15T13:09:45.894400,-21319.0,EUR,IC-TRANSFER-1-7,Gitto US,intercompany_transfer,0,0,1
ACC-001,2025-10-15T13:09:45.894400,21319.0,EUR,IC-TRANSFER-2-7,Gitto EU,intercompany_transfer,0,0,1
ACC-002,2025-10-23T13:09:45.894400,-82179.43,EUR,IC-TRANSFER-3-8,Gitto UK,intercompany_transfer,0,0,1
ACC-003,2025-10-23T13:09:45.894400,82179.43,EUR,IC-TRANSFER-2-8,Gitto EU,intercompany_transfer,0,0,1
ACC-003,2025-10-08T13:09:45.895843,-24718.49,DKK,TXN-000001,Facilities Management,rent,0,0,0
ACC-003,2025-11-01T13:09:45.895843,4747.77,SEK,TXN-000002,Future Tech,rent,0,0,0
ACC-003,2025-10-26T13:09:45.895843,-10029.13,GBP,TXN-000003,Utilities Corp,customer_receipt,0,0,0
ACC-003,2025-11-16T13:09:45.895843,2172.35,USD,TXN-000004,Utilities Corp,loan,0,0,0
ACC-003,2025-11-04T13:09:45.895843,25599.72,CHF,TXN000005,IT Support Services,tax,48.23,0,0
ACC-003,2025-10-28T13:09:45.895843,32203.69,DKK,TXN-000006,Travel Services,tax,0,0,0
ACC-003,2025-11-06T13:09:45.895843,48068.75,SEK,INV-03-00012,Digital Dynamics,customer_receipt,0,0,0
ACC-003,2025-10-18T13:09:45.895843,-20616.69,DKK,TXN-000008,Acme Corporation,loan,0,0,0
ACC-003,2025-12-14T13:09:45.895843,30916.36,DKK,INV-03-00114,Innovation Partners,customer_receipt,0,0,0
ACC-003,2025-12-18T13:09:45.895843,24353.51,DKK,INV-03-00038,TechStart Inc,customer_receipt,0,0,0
ACC-003,2026-01-05T13:09:45.895843,-16808.91,NOK,TXN-000011,Legal Services Group,rent,35.97,0,0
ACC-003,2025-11-03T13:09:45.895843,49312.6,USD,TXN-000012,Innovation Partners,supplier_payment,0,0,0
ACC-003,2025-11-05T13:09:45.895843,-24228.29,EUR,TXN-000013,Enterprise Systems,tax,0,0,0
ACC-003,2025-10-23T13:09:45.895843,48731.26,USD,INV-03-00176,Future Tech,customer_receipt,0,0,0
ACC-003,2025-11-02T13:09:45.895843,12053.55,NOK,INV-03-00033,Acme Corporation,customer_receipt,0,0,0
ACC-003,2025-10-12T13:09:45.895843,31539.18,DKK,INV-03-00082 | BANK REF,StartupHub,customer_receipt,0,0,0
ACC-003,2025-10-20T13:09:45.895843,488.64,CHF,TXN-000017,MegaCorp International,tax,0,0,0
ACC-003,2025-10-31T13:09:45.895843,22028.61,DKK,TXN-000018,Acme Corporation,customer_receipt,0,0,0
ACC-003,2025-11-30T13:09:45.895843,24342.75,EUR,INV-03-00038,TechStart Inc,customer_receipt,10.76,0,0
ACC-003,2025-12-28T13:09:45.895843,24325.99,GBP,INV-03-00149,Digital Dynamics,customer_receipt,0,0,0
ACC-003,2025-12-26T13:09:45.895843,9607.21,SEK,TXN-000021,Cloud Infrastructure Inc,customer_receipt,0,0,0
ACC-003,2025-10-23T13:09:45.895843,-36607.37,SEK,PAYMENT FOR TXN-000022,Software Licenses Co,customer_receipt,0,0,0
ACC-003,2025-11-06T13:09:45.895843,6471.74,DKK,PART-INV-03-00189,StartupHub,customer_receipt,0,0,0
ACC-003,2025-11-29T13:09:45.895843,8123.35,USD,INV-03-00050,MegaCorp International,customer_receipt,0,0,0
ACC-003,2025-12-04T13:09:45.895843,10656.83,EUR,TXN-000025,Global Solutions Ltd,supplier_payment,0,0,0
ACC-003,2025-11-14T13:09:45.895843,3376.08,EUR,INV-03-00010,StartupHub,customer_receipt,29.12,0,0
ACC-003,2025-12-10T13:09:45.895843,13047.8,DKK,TXN-000027,MegaCorp International,supplier_payment,0,0,0
ACC-003,2025-10-10T13:09:45.895843,1933.93,DKK,TXN000028,Digital Dynamics,tax,0,0,0
ACC-003,2025-12-24T13:09:45.895843,1981.45,USD,TXN-000029,Office Supplies Pro,tax,44.21,0,0
ACC-003,2025-10-30T13:09:45.895843,-42732.06,GBP,TXN-000030,Innovation Partners,customer_receipt,0,0,0
ACC-003,2025-10-31T13:09:45.895843,19749.02,NOK,INV-03-00167,MegaCorp International,customer_receipt,0,0,0
ACC-003,2025-11-03T13:09:45.895843,-7552.64,GBP,TXN-000032,Digital Dynamics,rent,0,0,0
ACC-003,2025-12-14T13:09:45.895843,-45965.82,GBP,TXN-000033,Facilities Management,customer_receipt,0,0,0
ACC-003,2025-12-17T13:09:45.895843,39693.82,CHF,INV-03-00183,Global Solutions Ltd,customer_receipt,0,0,0
ACC-003,2025-12-25T13:09:45.895843,23247.7,NOK,INV-03-00086,Smart Solutions,customer_receipt,0,0,0
ACC-003,2025-10-14T13:09:45.895843,2046.29,SEK,INV-03-00005,Future Tech,customer_receipt,0,0,0
ACC-003,2025-12-04T13:09:45.895843,30328.65,USD,TXN-000037,Cloud Services Co,customer_receipt,0,0,0
ACC-003,2025-12-27T13:09:45.895843,22853.82,DKK,PART-INV-03-00045,TechStart Inc,customer_receipt,0,0,0
ACC-003,2025-12-29T13:09:45.895843,49343.57,NOK,INV-03-00115,Enterprise Systems,customer_receipt,0,0,0
ACC-003,2025-11-14T13:09:45.895843,26068.18,NOK,TXN-000040,Global Solutions Ltd,rent,40.26,0,0
ACC-003,2025-10-10T13:09:45.895843,-25179.92,SEK,TXN-000041,Enterprise Systems,payroll,0,0,0
ACC-003,2025-10-21T13:09:45.895843,47485.37,DKK,TXN-000042,Cloud Services Co,supplier_payment,0,0,0
ACC-003,2025-12-02T13:09:45.895843,14934.65,EUR,INV-03-00051,Global Solutions Ltd,customer_receipt,0,0,0
ACC-003,2025-12-07T13:09:45.895843,23951.34,CHF,INV-03-00006,Cloud Services Co,customer_receipt,0,0,0
ACC-003,2025-11-04T13:09:45.895843,47234.26,NOK,TXN-000045 | BANK REF,Cloud Services Co,loan,0,0,0
ACC-003,2025-12-31T13:09:45.895843,32771.07,USD,INV-03-00081,Global Solutions Ltd,customer_receipt,0,0,0
ACC-003,2025-11-13T13:09:45.895843,2020.85,CHF,TXN-000047,Facilities Management,customer_receipt,0,0,0
ACC-003,2025-12-02T13:09:45.895843,-38219.47,DKK,TXN000048,Consulting Partners,rent,0,0,0
ACC-003,2025-10-26T13:09:45.895843,-9376.91,DKK,TXN-000049,Facilities Management,loan,0,0,0
ACC-003,2025-11-29T13:09:45.895843,22853.82,USD,PART-INV-03-00045,TechStart Inc,customer_receipt,0,0,0
ACC-003,2025-10-20T13:09:45.895843,4115.5,USD,INV-03-00184,NextGen Industries,customer_receipt,0,0,0
ACC-003,2025-11-09T13:09:45.895843,30723.25,CHF,TXN-000052,MegaCorp International,customer_receipt,0,0,0
ACC-003,2025-11-16T13:09:45.895843,33372.7,EUR,INV-03-00091,Innovation Partners,customer_receipt,0,0,0
ACC-003,2025-10-08T13:09:45.895843,33253.0,SEK,TXN-000054,Future Tech,customer_receipt,0,0,0
ACC-003,2025-10-22T13:09:45.895843,29422.29,SEK,REF: INV-03-00133,Cloud Services Co,customer_receipt,0,0,0
ACC-003,2025-12-25T13:09:45.895843,36766.26,DKK,INV-03-00028,Smart Solutions,customer_receipt,0,0,0
ACC-003,2025-10-15T13:09:45.895843,3017.93,GBP,INV-03-00021,Acme Corporation,customer_receipt,0,0,0
ACC-003,2025-11-29T13:09:45.895843,-42683.72,SEK,TXN-000058,TechStart Inc,tax,0,0,0
ACC-003,2025-12-29T13:09:45.895843,12581.73,NOK,PART-INV-03-00046,TechStart Inc,customer_receipt,0,0,0
ACC-003,2025-12-10T13:09:45.895843,31165.8,CHF,INV-03-00110,Future Tech,customer_receipt,0,0,0
ACC-003,2025-11-28T13:09:45.895843,23584.56,USD,INV-03-00174,Smart Solutions,customer_receipt,0,0,0
ACC-003,2025-10-19T13:09:45.895843,24727.91,NOK,INV-03-00136,Global Solutions Ltd,customer_receipt,0,0,0
ACC-003,2026-01-05T13:09:45.895843,42282.89,DKK,TXN-000063,Cloud Services Co,rent,0,0,0
ACC-003,2026-01-02T13:09:45.895843,7307.01,USD,INV-03-00155,StartupHub,customer_receipt,0,0,0
ACC-003,2025-10-24T13:09:45.895843,48731.26,NOK,INV-03-00176,Future Tech,customer_receipt,0,0,0
ACC-003,2025-12-06T13:09:45.895843,-29738.14,EUR,TXN-000066,Office Supplies Pro,customer_receipt,0,0,0
ACC-003,2025-10-18T13:09:45.895843,41920.18,EUR,INV-03-00059,Innovation Partners,customer_receipt,0,0,0
ACC-003,2025-12-12T13:09:45.895843,18821.79,CHF,INV-03-00164,StartupHub,customer_receipt,0,0,0
ACC-003,2025-11-25T13:09:45.895843,22839.0,NOK,PART-INV-03-00045,TechStart Inc,customer_receipt,14.82,0,0
ACC-003,2025-10-14T13:09:45.895843,23294.55,SEK,INV-03-00120,Global Solutions Ltd,customer_receipt,0,0,0
ACC-003,2025-11-14T13:09:45.895843,14934.65,EUR,INV-03-00051,Global Solutions Ltd,customer_receipt,0,0,0
ACC-003,2025-11-07T13:09:45.895843,2994.25,DKK,INV-03-00112,Future Tech,customer_receipt,0,0,0
ACC-003,2025-10-26T13:09:45.895843,3934.2,CHF,INV-03-00180,NextGen Industries,customer_receipt,0,0,0
ACC-003,2025-12-28T13:09:45.895843,-32941.06,SEK,TXN-000074,Acme Corporation,supplier_payment,27.12,0,0
ACC-003,2025-10-29T13:09:45.895843,-39766.2,DKK,TXN-000075,IT Support Services,tax,0,0,0
ACC-003,2025-12-01T13:09:45.895843,3210.8,DKK,INV-03-00172,Acme Corporation,customer_receipt,0,0,0
ACC-003,2025-10-30T13:09:45.895843,2923.33,CHF,INV-03-00042,Smart Solutions,customer_receipt,0,0,0
ACC-003,2025-12-04T13:09:45.895843,36814.76,DKK,INV-03-00083,NextGen Industries,customer_receipt,0,0,0
ACC-003,2025-10-23T13:09:45.895843,4459.84,CHF,TXN-000079,Office Supplies Pro,loan,0,0,0
ACC-003,2025-10-09T13:09:45.895843,-353.56,SEK,TXN-000080,IT Support Services,supplier_payment,0,0,0
ACC-003,2025-12-27T13:09:45.895843,14742.54,EUR,INV-03-00060,Cloud Services Co,customer_receipt,0,0,0
ACC-003,2025-12-16T13:09:45.895843,17874.71,NOK,TXN-000082,Acme Corporation,payroll,0,0,0
ACC-003,2025-10-17T13:09:45.895843,7802.64,USD,PART-INV-03-00095,Future Tech,customer_receipt,0,0,0
ACC-003,2025-11-27T13:09:45.895843,22853.82,EUR,INV-00045,TechStart Inc,customer_receipt,0,0,0
ACC-003,2025-11-11T13:09:45.895843,19780.4,SEK,PART-INV-03-00181,Innovation Partners,customer_receipt,0,0,0
ACC-003,2025-10-28T13:09:45.895843,5993.849999999999,DKK,PART-INV-03-00069,NextGen Industries,customer_receipt,46.34,0,0
ACC-003,2025-12-16T13:09:45.895843,36814.76,NOK,INV-03-00083,NextGen Industries,customer_receipt,0,0,0
ACC-003,2025-12-24T13:09:45.895843,736.12,SEK,TXN-000088,Digital Dynamics,payroll,0,0,0
ACC-003,2025-11-13T13:09:45.895843,3017.93,SEK,INV-03-00021,Acme Corporation,customer_receipt,0,0,0
ACC-003,2025-12-03T13:09:45.895843,3358.64,SEK,INV-03-00010,StartupHub,customer_receipt,46.56,0,0
ACC-003,2025-12-16T13:09:45.895843,29422.29,EUR,INV-03-00133,Cloud Services Co,customer_receipt,0,0,0
ACC-003,2025-10-16T13:09:45.895843,-4799.36,CHF,TXN-000092,Global Solutions Ltd,rent,0,0,0
ACC-003,2025-12-16T13:09:45.895843,19747.34,SEK,PART-INV-03-00181,Innovation Partners,customer_receipt,33.06,0,0
ACC-003,2025-10-24T13:09:45.895843,30833.39,CHF,INV-03-00054,StartupHub,customer_receipt,0,0,0
ACC-003,2025-12-14T13:09:45.895843,-46148.05,DKK,TXN-000095,MegaCorp International,loan,33.96,0,0
ACC-003,2025-10-11T13:09:45.895843,2698.48,DKK,INV-03-00003,Innovation Partners,customer_receipt,0,0,0
ACC-003,2025-12-19T13:09:45.895843,-11870.789999999999,SEK,TXN-000097,Utilities Corp,tax,35.29,0,0
ACC-003,2025-11-11T13:09:45.895843,30074.51,CHF,INV-03-00135,MegaCorp International,customer_receipt,0,0,0
ACC-003,2025-11-22T13:09:45.895843,25665.76,USD,INV-03-00153,TechStart Inc,customer_receipt,0,0,0
ACC-003,2025-11-27T13:09:45.895843,13394.9,USD,INV-000100,Consulting Partners,payroll,0,0,0
ACC-003,2025-11-20T13:09:45.895843,22853.82,NOK,PART-INV-03-00045,TechStart Inc,customer_receipt,0,0,0
ACC-003,2025-12-08T13:09:45.895843,-17211.93,CHF,TXN-000102,MegaCorp International,loan,0,0,0
ACC-003,2025-12-22T13:09:45.895843,6270.81,GBP,PART-INV-03-00105,Future Tech,customer_receipt,0,0,0
ACC-003,2025-12-11T13:09:45.895843,24219.06,EUR,INV-03-00145,Global Solutions Ltd,customer_receipt,36.98,0,0
ACC-003,2025-11-18T13:09:45.895843,-1017.37,NOK,TXN-000105,Office Supplies Pro,rent,19.42,0,0
ACC-003,2025-11-01T13:09:45.895843,32376.43,NOK,INV-03-00102,Future Tech,customer_receipt,0,0,0
ACC-003,2025-12-23T13:09:45.895843,32432.86,SEK,TXN-000107,Enterprise Systems,tax,0,0,0
ACC-003,2025-11-23T13:09:45.895843,-16638.49,GBP,TXN-000108,TechStart Inc,customer_receipt,0,0,0
ACC-003,2025-11-18T13:09:45.895843,24353.51,USD,INV-03-00038,TechStart Inc,customer_receipt,0,0,0
ACC-003,2025-12-07T13:09:45.895843,41279.13,EUR,INV-03-00075,Cloud Services Co,customer_receipt,0,0,0
ACC-003,2025-11-17T13:09:45.895843,39636.95,DKK,INV-03-00165,NextGen Industries,customer_receipt,48.19,0,0
ACC-003,2025-10-19T13:09:45.895843,24332.59,SEK,INV-03-00038,TechStart Inc,customer_receipt,20.92,0,0
ACC-003,2025-12-14T13:09:45.895843,20260.27,NOK,INV-03-00044,StartupHub,customer_receipt,0,0,0
ACC-003,2025-12-12T13:09:45.895843,25776.48,GBP,PAYMENT FOR TXN-000114,Digital Dynamics,supplier_payment,0,0,0
ACC-003,2025-12-18T13:09:45.895843,8123.35,CHF,INV-03-00050,MegaCorp International,customer_receipt,0,0,0
ACC-003,2025-12-21T13:09:45.895843,34548.59,CHF,INV-03-00128,NextGen Industries,customer_receipt,0,0,0
ACC-003,2025-10-29T13:09:45.895843,31129.03,NOK,INV-03-00110,Future Tech,customer_receipt,36.77,0,0
ACC-003,2025-11-23T13:09:45.895843,-22038.62,NOK,TXN-000118,Consulting Partners,tax,0,0,0
ACC-003,2025-10-23T13:09:45.895843,-21196.74,CHF,TXN-000119,NextGen Industries,rent,0,0,0
ACC-003,2025-10-13T13:09:45.895843,-47460.43,NOK,TXN-000120,Acme Corporation,customer_receipt,0,0,0
ACC-003,2025-10-24T13:09:45.895843,23247.7,DKK,INV-03-00086-PAYMENT,Smart Solutions,customer_receipt,0,0,0
ACC-003,2025-10-16T13:09:45.895843,34548.59,CHF,INV-03-00128,NextGen Industries,customer_receipt,0,0,0
ACC-003,2025-12-01T13:09:45.895843,29936.26,EUR,INV-03-00073,Smart Solutions,customer_receipt,0,0,0
ACC-003,2025-12-14T13:09:45.895843,2994.25,SEK,INV-03-00112,Future Tech,customer_receipt,0,0,0
ACC-003,2025-12-04T13:09:45.895843,-937.06,NOK,TXN-000125,Future Tech,tax,0,0,0
ACC-003,2025-12-12T13:09:45.895843,14314.56,GBP,REF: TXN-000126,Digital Dynamics,payroll,0,0,0
ACC-003,2025-10-30T13:09:45.895843,38917.43,EUR,INV-03-00023,Innovation Partners,customer_receipt,0,0,0
ACC-003,2025-12-29T13:09:45.895843,-30938.91,CHF,TXN-000128-PAYMENT,Software Licenses Co,supplier_payment,18.72,0,0
ACC-003,2025-12-09T13:09:45.895843,38548.21,CHF,TXN-000129,Cloud Infrastructure Inc,payroll,0,0,0
ACC-003,2025-12-07T13:09:45.895843,19780.4,NOK,PART-INV-03-00181,Innovation Partners,customer_receipt,0,0,0
ACC-003,2025-12-08T13:09:45.895843,36889.61,GBP,INV-03-00063,Enterprise Systems,customer_receipt,0,0,0
ACC-003,2025-11-25T13:09:45.895843,22461.2,EUR,INV-03-00106,Future Tech,customer_receipt,0,0,0
ACC-003,2026-01-01T13:09:45.895843,12053.55,NOK,INV-03-00033,Acme Corporation,customer_receipt,0,0,0
ACC-003,2025-12-17T13:09:45.895843,44102.27,EUR,INV-03-00036,Global Solutions Ltd,customer_receipt,0,0,0
ACC-003,2025-12-03T13:09:45.895843,-32445.1,SEK,TXN-000135,Innovation Partners,supplier_payment,0,0,0
ACC-003,2025-10-31T13:09:45.895843,46662.02,SEK,TXN-000136,Acme Corporation,payroll,0,0,0
ACC-003,2025-12-01T13:09:45.895843,-28590.15,SEK,TXN-000137,Cloud Services Co,customer_receipt,0,0,0
ACC-003,2025-12-17T13:09:45.895843,37104.3,GBP,INV-03-00119,Enterprise Systems,customer_receipt,45.35,0,0
ACC-003,2025-11-17T13:09:45.895843,-25547.88,CHF,TXN-000139,Facilities Management,supplier_payment,0,0,0
ACC-003,2025-12-10T13:09:45.895843,40402.21,GBP,INV-03-00178,MegaCorp International,customer_receipt,0,0,0
ACC-003,2025-11-10T13:09:45.895843,23951.34,DKK,INV-03-00006,Cloud Services Co,customer_receipt,0,0,0
ACC-003,2025-12-04T13:09:45.895843,2923.33,SEK,INV-03-00042,Smart Solutions,customer_receipt,0,0,0
ACC-003,2025-12-03T13:09:45.895843,22607.179999999997,SEK,INV-03-00066,Smart Solutions,customer_receipt,7.49,0,0
ACC-003,2025-10-22T13:09:45.895843,4876.17,DKK,PART-INV-03-00026,Future Tech,customer_receipt,0,0,0
ACC-003,2025-12-13T13:09:45.895843,12791.68,DKK,PART-INV-03-00057,Digital Dynamics,customer_receipt,0,0,0
ACC-003,2025-10-14T13:09:45.895843,47208.52,EUR,PAYMENT FOR TXN-000146,Office Supplies Pro,loan,0,0,0
ACC-003,2026-01-03T13:09:45.895843,13745.92,SEK,PART-INV-03-00077,Innovation Partners,customer_receipt,0,0,0
ACC-003,2025-12-12T13:09:45.895843,-6163.01,SEK,TXN-000148,StartupHub,loan,0,0,0
ACC-003,2025-10-13T13:09:45.895843,40742.64,GBP,INV-03-00018,Enterprise Systems,customer_receipt,0,0,0
ACC-003,2025-12-20T13:09:45.895843,29422.29,EUR,INV-03-00133,Cloud Services Co,customer_receipt,0,0,0
ACC-003,2025-10-28T13:09:45.895843,24727.91,SEK,INV-03-00136,Global Solutions Ltd,customer_receipt,0,0,0
ACC-003,2025-10-29T13:09:45.895843,36759.25,SEK,TXN-000152-PAYMENT,Travel Services,rent,0,0,0
ACC-003,2025-12-30T13:09:45.895843,16400.84,EUR,TXN-000153-PAYMENT,Marketing Agency Ltd,payroll,0,0,0
ACC-003,2025-11-03T13:09:45.895843,-30366.74,SEK,TXN-000154 | BANK REF,Marketing Agency Ltd,customer_receipt,0,0,0
ACC-003,2025-11-03T13:09:45.895843,-35481.59,NOK,TXN-000155-PAYMENT,Digital Dynamics,customer_receipt,0,0,0
ACC-003,2025-10-22T13:09:45.895843,-8988.85,EUR,TXN-000156,Digital Dynamics,customer_receipt,0,0,0
ACC-003,2025-10-24T13:09:45.895843,3591.53,SEK,INV-03-00150,Global Solutions Ltd,customer_receipt,0,0,0
ACC-003,2025-12-14T13:09:45.895843,-5350.9,USD,TXN-000158,Utilities Corp,loan,0,0,0
ACC-003,2025-11-01T13:09:45.895843,24677.31,SEK,TXN-000159,NextGen Industries,rent,0,0,0
ACC-003,2026-01-01T13:09:45.895843,15813.6,EUR,INV-03-00062,Digital Dynamics,customer_receipt,0,0,0
ACC-003,2025-10-19T13:09:45.895843,2994.25,NOK,INV-03-00112,Future Tech,customer_receipt,0,0,0
ACC-003,2025-10-09T13:09:45.895843,4876.17,USD,PAYMENT FOR PART-INV-03-00026,Future Tech,customer_receipt,0,0,0
ACC-003,2025-10-10T13:09:45.895843,30092.8,NOK,INV-03-00113,TechStart Inc,customer_receipt,0,0,0
ACC-003,2025-12-30T13:09:45.895843,49409.83,SEK,TXN-000164,Office Supplies Pro,customer_receipt,46.88,0,0
ACC-003,2025-12-21T13:09:45.895843,8354.4,EUR,INV-03-00047,NextGen Industries,customer_receipt,0,0,0
ACC-003,2025-11-01T13:09:45.895843,48731.26,GBP,PAYMENT FOR INV-03-00176,Future Tech,customer_receipt,0,0,0
ACC-003,2025-10-24T13:09:45.895843,29422.29,EUR,INV-03-00133,Cloud Services Co,customer_receipt,0,0,0
ACC-003,2025-10-23T13:09:45.895843,27852.11,USD,TXN-000168 | BANK REF,TechStart Inc,tax,0,0,0
ACC-003,2025-12-26T13:09:45.895843,31128.45,CHF,INV-00110,Future Tech,customer_receipt,37.35,0,0
ACC-003,2025-10-24T13:09:45.895843,14253.76,EUR,PART-INV-03-00186-PAYMENT,Cloud Services Co,customer_receipt,17.66,0,0
ACC-003,2025-10-28T13:09:45.895843,32376.43,NOK,INV-03-00102,Future Tech,customer_receipt,0,0,0
ACC-003,2025-10-23T13:09:45.895843,30071.46,CHF,REF: INV-03-00113,TechStart Inc,customer_receipt,21.34,0,0
ACC-003,2025-11-16T13:09:45.895843,34852.33,SEK,INV-03-00175,TechStart Inc,customer_receipt,0,0,0
ACC-003,2025-11-08T13:09:45.895843,49803.95,USD,TXN-000174,Cloud Infrastructure Inc,supplier_payment,0,0,0
ACC-003,2025-12-18T13:09:45.895843,-24879.71,EUR,TXN-000175,Enterprise Systems,customer_receipt,10.33,0,0
ACC-003,2025-11-29T13:09:45.895843,1035.27,CHF,INV-03-00007,Smart Solutions,customer_receipt,0,0,0
ACC-003,2025-12-01T13:09:45.895843,12053.55,SEK,INV-03-00033,Acme Corporation,customer_receipt,0,0,0
ACC-003,2025-10-26T13:09:45.895843,21954.38,EUR,INV-03-00089,Global Solutions Ltd,customer_receipt,0,0,0
ACC-003,2025-10-13T13:09:45.895843,20430.38,EUR,TXN-000179,Innovation Partners,rent,0,0,0
ACC-003,2025-10-14T13:09:45.895843,36814.76,SEK,INV-03-00083,NextGen Industries,customer_receipt,0,0,0
ACC-003,2025-10-22T13:09:45.895843,-796.69,SEK,TXN-000181,Office Supplies Pro,supplier_payment,0,0,0
ACC-003,2025-12-14T13:09:45.895843,45330.85,NOK,INV-03-00137,Global Solutions Ltd,customer_receipt,0,0,0
ACC-003,2025-11-03T13:09:45.895843,13963.33,NOK,INV-03-00100,Acme Corporation,customer_receipt,5.25,0,0
ACC-003,2025-11-09T13:09:45.895843,27700.48,CHF,TXN-000184,Cloud Services Co,tax,0,0,0
ACC-003,2025-10-25T13:09:45.895843,-42106.66,EUR,TXN-000185,IT Support Services,supplier_payment,0,0,0
ACC-003,2025-12-01T13:09:45.895843,22412.77,EUR,INV-03-00106,Future Tech,customer_receipt,48.43,0,0
ACC-003,2025-12-06T13:09:45.895843,29493.99,NOK,INV-000187,Marketing Agency Ltd,loan,16.35,0,0
ACC-003,2025-12-17T13:09:45.895843,37094.450000000004,DKK,INV-03-00088,MegaCorp International,customer_receipt,37.17,0,0
ACC-003,2026-01-01T13:09:45.895843,19643.81,DKK,TXN-000189,MegaCorp International,supplier_payment,0,0,0
ACC-003,2025-12-11T13:09:45.895843,45686.32,SEK,INV-03-00101,NextGen Industries,customer_receipt,31.53,0,0
ACC-003,2025-12-10T13:09:45.895843,42926.1,USD,TXN-000191,Software Licenses Co,rent,0,0,0
ACC-003,2025-11-30T13:09:45.895843,3210.8,GBP,INV-03-00172,Acme Corporation,customer_receipt,0,0,0
ACC-003,2025-10-27T13:09:45.895843,3591.53,EUR,INV-03-00150,Global Solutions Ltd,customer_receipt,0,0,0
ACC-003,2025-11-06T13:09:45.895843,22853.82,CHF,PART-INV-03-00045,TechStart Inc,customer_receipt,0,0,0
ACC-003,2025-12-23T13:09:45.895843,10278.8,EUR,INV-03-00199,Digital Dynamics,customer_receipt,0,0,0
ACC-003,2025-12-02T13:09:45.895843,-5393.2,USD,TXN000196,Smart Solutions,supplier_payment,0,0,0
ACC-003,2025-12-16T13:09:45.895843,25460.98,CHF,INV-03-00179 | BANK REF,Smart Solutions,customer_receipt,0,0,0
ACC-003,2025-12-31T13:09:45.895843,12362.210000000001,EUR,INV-03-00055,Future Tech,customer_receipt,41.15,0,0
ACC-003,2025-11-24T13:09:45.895843,40193.64,SEK,TXN-000199,Global Solutions Ltd,supplier_payment,0,0,0
ACC-003,2025-12-21T13:09:45.895843,47457.35,EUR,INV-03-00196,NextGen Industries,customer_receipt,0,0,0
ACC-003,2025-12-15T13:09:45.895843,12967.22,GBP,INV-03-00173,Cloud Services Co,customer_receipt,0,0,0
ACC-003,2025-11-28T13:09:45.895843,821.75,USD,TXN-000202,Global Solutions Ltd,rent,0,0,0
ACC-003,2025-11-22T13:09:45.895843,15426.57,USD,INV-03-00043,Future Tech,customer_receipt,0,0,0
ACC-003,2025-11-24T13:09:45.895843,3210.8,USD,INV-03-00172,Acme Corporation,customer_receipt,0,0,0
ACC-003,2025-10-13T13:09:45.895843,1035.27,NOK,INV-03-00007,Smart Solutions,customer_receipt,0,0,0
ACC-003,2025-11-25T13:09:45.895843,36889.61,CHF,INV-03-00063,Enterprise Systems,customer_receipt,0,0,0
ACC-003,2025-12-12T13:09:45.895843,48372.78,SEK,INV-03-00031,Global Solutions Ltd,customer_receipt,0,0,0
ACC-003,2025-12-01T13:09:45.895843,41920.18,CHF,INV-03-00059,Innovation Partners,customer_receipt,0,0,0
ACC-003,2026-01-01T13:09:45.895843,-10789.55,SEK,TXN-000209,Utilities Corp,tax,0,0,0
ACC-003,2025-10-19T13:09:45.895843,15426.57,GBP,INV-03-00043,Future Tech,customer_receipt,0,0,0
ACC-003,2025-12-29T13:09:45.895843,46398.36,NOK,INV-03-00192,Future Tech,customer_receipt,0,0,0
ACC-003,2025-11-25T13:09:45.895843,19093.04,CHF,TXN-000212,MegaCorp International,loan,0,0,0
ACC-003,2025-12-28T13:09:45.895843,7274.8,NOK,INV-03-00155,StartupHub,customer_receipt,32.21,0,0
ACC-003,2025-11-08T13:09:45.895843,24325.99,CHF,INV-03-00149,Digital Dynamics,customer_receipt,0,0,0
ACC-003,2025-10-27T13:09:45.895843,34846.810000000005,EUR,INV-03-00175,TechStart Inc,customer_receipt,5.52,0,0
ACC-003,2025-11-22T13:09:45.895843,12403.36,NOK,INV-03-00055,Future Tech,customer_receipt,0,0,0
ACC-003,2025-10-08T13:09:45.895843,6471.74,DKK,PART-INV-03-00189,StartupHub,customer_receipt,0,0,0
ACC-003,2025-12-25T13:09:45.895843,-23383.56,CHF,TXN-000218,IT Support Services,supplier_payment,24.62,0,0
ACC-003,2025-12-20T13:09:45.895843,4870.18,EUR,PART-INV-03-00026,Future Tech,customer_receipt,5.99,0,0
ACC-003,2025-10-22T13:09:45.895843,41279.13,NOK,INV-03-00075,Cloud Services Co,customer_receipt,0,0,0
ACC-003,2025-11-03T13:09:45.895843,40065.46,USD,INV-03-00058,MegaCorp International,customer_receipt,0,0,0
ACC-003,2025-11-20T13:09:45.895843,10385.83,GBP,INV-03-00159,Smart Solutions,customer_receipt,0,0,0
ACC-003,2026-01-05T13:09:45.895843,6794.66,GBP,PAYMENT FOR INV-03-00198,Future Tech,customer_receipt,12.45,0,0
ACC-003,2025-12-01T13:09:45.895843,-440.8,USD,TXN-000224,Software Licenses Co,customer_receipt,0,0,0
ACC-003,2025-10-16T13:09:45.895843,-22639.99,NOK,TXN-000225,Cloud Infrastructure Inc,tax,0,0,0
ACC-003,2025-12-23T13:09:45.895843,32714.54,NOK,PAYMENT FOR INV-03-00200,Cloud Services Co,customer_receipt,0,0,0
ACC-003,2025-10-08T13:09:45.895843,6471.74,SEK,PART-INV-03-00189,StartupHub,customer_receipt,0,0,0
ACC-003,2025-11-29T13:09:45.895843,17624.97,DKK,PAYMENT FOR INV-03-00107,Future Tech,customer_receipt,0,0,0
ACC-003,2025-11-27T13:09:45.895843,34548.59,SEK,INV-03-00128,NextGen Industries,customer_receipt,0,0,0
ACC-003,2025-11-08T13:09:45.895843,14417.61,NOK,PART-INV-03-00190,Future Tech,customer_receipt,0,0,0
ACC-003,2025-11-16T13:09:45.895843,-5965.34,GBP,TXN-000231,Office Supplies Pro,rent,0,0,0
ACC-003,2025-12-31T13:09:45.895843,32365.84,SEK,INV-03-00102,Future Tech,customer_receipt,10.59,0,0
ACC-003,2025-11-08T13:09:45.895843,-44141.19,NOK,TXN-000233,Marketing Agency Ltd,payroll,0,0,0
ACC-003,2025-12-01T13:09:45.895843,2923.33,DKK,REF: INV-03-00042,Smart Solutions,customer_receipt,0,0,0
ACC-003,2025-11-03T13:09:45.895843,17420.67,NOK,PART-INV-03-00098,NextGen Industries,customer_receipt,0,0,0
ACC-003,2025-12-23T13:09:45.895843,-39972.32,SEK,TXN-000236,MegaCorp International,payroll,26.85,0,0
ACC-003,2025-12-21T13:09:45.895843,7239.98,CHF,TXN-000237,NextGen Industries,rent,0,0,0
ACC-003,2025-12-02T13:09:45.895843,18240.84,GBP,TXN-000238,Facilities Management,rent,0,0,0
ACC-003,2025-12-01T13:09:45.895843,-23786.92,CHF,TXN-000239,NextGen Industries,payroll,0,0,0
ACC-003,2025-11-16T13:09:45.895843,26679.42,USD,INV-03-00008,Smart Solutions,customer_receipt,0,0,0
ACC-003,2025-11-10T13:09:45.895843,30526.46,DKK,TXN-000241-PAYMENT,Future Tech,payroll,0,0,0
ACC-003,2025-11-20T13:09:45.895843,22614.67,CHF,INV-03-00066,Smart Solutions,customer_receipt,0,0,0
ACC-003,2026-01-04T13:09:45.895843,10365.05,DKK,TXN-000243,TechStart Inc,customer_receipt,0,0,0
ACC-003,2025-10-31T13:09:45.895843,39334.85,CHF,INV-03-00061,NextGen Industries,customer_receipt,0,0,0
ACC-003,2025-10-25T13:09:45.895843,-2163.51,CHF,TXN-000245,NextGen Industries,tax,0,0,0
ACC-003,2026-01-06T13:09:45.895843,36766.26,DKK,INV-03-00028,Smart Solutions,customer_receipt,0,0,0
ACC-003,2025-12-13T13:09:45.895843,13968.58,EUR,INV-03-00100,Acme Corporation,customer_receipt,0,0,0
ACC-003,2025-11-27T13:09:45.895843,47942.89,SEK,TXN-000248 | BANK REF,Consulting Partners,rent,0,0,0
ACC-003,2025-12-23T13:09:45.895843,36766.26,DKK,INV-03-00028,Smart Solutions,customer_receipt,0,0,0
ACC-003,2025-11-29T13:09:45.895843,43098.54,NOK,TXN-000250,Digital Dynamics,loan,0,0,0
ACC-003,2025-11-03T13:09:45.895843,-42386.03,DKK,TXN-000251,Cloud Services Co,customer_receipt,0,0,0
ACC-003,2025-11-26T13:09:45.895843,-15784.97,CHF,TXN-000252,Consulting Partners,loan,0,0,0
ACC-003,2025-11-10T13:09:45.895843,14742.54,USD,INV-03-00060,Cloud Services Co,customer_receipt,0,0,0
ACC-003,2025-11-06T13:09:45.895843,17420.67,GBP,PART-INV-03-00098,NextGen Industries,customer_receipt,0,0,0
ACC-003,2025-12-01T13:09:45.895843,47994.83,GBP,TXN-000255,TechStart Inc,loan,0,0,0
ACC-003,2025-10-25T13:09:45.895843,-16146.08,NOK,TXN-000256-PAYMENT,Global Solutions Ltd,customer_receipt,0,0,0
ACC-003,2025-12-26T13:09:45.895843,-21453.4,CHF,TXN-000257,Marketing Agency Ltd,loan,0,0,0
ACC-003,2025-11-08T13:09:45.895843,7307.01,NOK,INV-03-00155,StartupHub,customer_receipt,0,0,0
ACC-003,2025-11-25T13:09:45.895843,-1071.48,CHF,TXN-000259,Facilities Management,rent,0,0,0
ACC-003,2025-10-15T13:09:45.895843,18420.37,DKK,INV-03-00004,MegaCorp International,customer_receipt,0,0,0
ACC-003,2025-11-09T13:09:45.895843,45266.18,EUR,INV-03-00099,Digital Dynamics,customer_receipt,0,0,0
ACC-003,2025-12-16T13:09:45.895843,36814.76,SEK,INV-03-00083,NextGen Industries,customer_receipt,0,0,0
ACC-003,2025-10-12T13:09:45.895843,-16897.59,DKK,TXN-000263,NextGen Industries,customer_receipt,0,0,0
ACC-003,2025-12-07T13:09:45.895843,-39616.3,EUR,TXN-000264,Office Supplies Pro,tax,0,0,0
ACC-003,2026-01-01T13:09:45.895843,-15465.96,CHF,TXN-000265,Smart Solutions,payroll,0,0,0
ACC-003,2025-12-15T13:09:45.895843,19780.4,CHF,PART-INV-03-00181,Innovation Partners,customer_receipt,0,0,0
ACC-003,2025-10-09T13:09:45.895843,-28255.73,DKK,TXN-000267,Facilities Management,customer_receipt,0,0,0
ACC-003,2025-12-15T13:09:45.895843,-17950.14,NOK,TXN-000268,Enterprise Systems,supplier_payment,0,0,0
ACC-003,2025-12-26T13:09:45.895843,14417.61,SEK,PART-INV-03-00190,Future Tech,customer_receipt,0,0,0
ACC-003,2026-01-04T13:09:45.895843,30833.39,GBP,INV-03-00054,StartupHub,customer_receipt,0,0,0
ACC-003,2025-10-21T13:09:45.895843,24309.89,USD,INV-03-00049,Enterprise Systems,customer_receipt,0,0,0
ACC-003,2025-12-23T13:09:45.895843,23247.7,NOK,REF: INV-03-00086,Smart Solutions,customer_receipt,0,0,0
ACC-003,2025-12-18T13:09:45.895843,22461.2,USD,INV-03-00106-PAYMENT,Future Tech,customer_receipt,0,0,0
ACC-003,2025-10-21T13:09:45.895843,37131.62,NOK,INV-03-00088,MegaCorp International,customer_receipt,0,0,0
ACC-003,2025-11-03T13:09:45.895843,-3.08,SEK,TXN-000275,Cloud Services Co,rent,0,0,0
ACC-003,2025-10-26T13:09:45.895843,21127.34,USD,TXN-000276,Innovation Partners,supplier_payment,41.73,0,0
ACC-003,2025-12-13T13:09:45.895843,48099.48,EUR,INV0300001,Future Tech,customer_receipt,0,0,0
ACC-003,2025-12-27T13:09:45.895843,26679.42,DKK,INV-03-00008,Smart Solutions,customer_receipt,0,0,0
ACC-003,2025-11-01T13:09:45.895843,21486.6,GBP,INV-000279,Global Solutions Ltd,payroll,0,0,0
ACC-003,2025-11-14T13:09:45.895843,37131.62,NOK,INV-03-00088,MegaCorp International,customer_receipt,0,0,0
ACC-003,2025-11-30T13:09:45.895843,8963.26,SEK,TXN-000281,Marketing Agency Ltd,payroll,0,0,0
ACC-003,2026-01-02T13:09:45.895843,-30501.26,USD,TXN-000282,Consulting Partners,payroll,0,0,0
ACC-003,2025-10-08T13:09:45.895843,49458.51,GBP,TXN-000283,Office Supplies Pro,supplier_payment,0,0,0
ACC-003,2025-10-10T13:09:45.895843,8832.63,CHF,TXN-000284,Global Solutions Ltd,payroll,0,0,0
ACC-003,2025-10-09T13:09:45.895843,16844.2,GBP,TXN-000285,Global Solutions Ltd,customer_receipt,0,0,0
ACC-003,2026-01-06T13:09:45.895843,17992.22,USD,INV-03-00032,StartupHub,customer_receipt,0,0,0
ACC-003,2025-11-28T13:09:45.895843,-49841.44,SEK,TXN-000287,MegaCorp International,customer_receipt,0,0,0
ACC-003,2025-10-09T13:09:45.895843,3934.2,USD,INV-00180,NextGen Industries,customer_receipt,0,0,0
ACC-003,2025-12-17T13:09:45.895843,29887.98,SEK,PART-INV-03-00087,Global Solutions Ltd,customer_receipt,29.04,0,0
ACC-003,2025-10-09T13:09:45.895843,29422.29,SEK,INV-03-00133,Cloud Services Co,customer_receipt,0,0,0
ACC-003,2026-01-03T13:09:45.895843,22841.34,SEK,INV-00079,StartupHub,customer_receipt,0,0,0
ACC-003,2025-12-22T13:09:45.895843,26679.42,DKK,INV-03-00008,Smart Solutions,customer_receipt,0,0,0
ACC-003,2025-10-10T13:09:45.895843,48731.26,EUR,INV-03-00176,Future Tech,customer_receipt,0,0,0
ACC-003,2025-12-27T13:09:45.895843,-36729.9,DKK,TXN-000294,StartupHub,tax,0,0,0
ACC-003,2025-10-18T13:09:45.895843,18420.37,SEK,INV-03-00004,MegaCorp International,customer_receipt,0,0,0
ACC-003,2025-12-06T13:09:45.895843,8123.35,EUR,INV-03-00050,MegaCorp International,customer_receipt,0,0,0
ACC-003,2025-10-19T13:09:45.895843,48731.26,GBP,INV-03-00176,Future Tech,customer_receipt,0,0,0
ACC-003,2025-10-20T13:09:45.895843,22614.67,NOK,INV-03-00066,Smart Solutions,customer_receipt,0,0,0
ACC-003,2025-12-22T13:09:45.895843,31165.8,GBP,INV0300110,Future Tech,customer_receipt,0,0,0
ACC-003,2025-12-08T13:09:45.895843,14934.65,CHF,INV-03-00051,Global Solutions Ltd,customer_receipt,0,0,0
ACC-003,2025-11-23T13:09:45.895843,-74890.55,GBP,IC-TRANSFER-2-1,Gitto EU,intercompany_transfer,0,0,1
ACC-002,2025-11-23T13:09:45.895843,74890.55,GBP,IC-TRANSFER-3-1,Gitto UK,intercompany_transfer,0,0,1
ACC-003,2025-10-21T13:09:45.895843,-92462.3,GBP,IC-TRANSFER-2-2,Gitto EU,intercompany_transfer,0,0,1
ACC-002,2025-10-21T13:09:45.895843,92462.3,GBP,IC-TRANSFER-3-2,Gitto UK,intercompany_transfer,0,0,1
ACC-003,2025-11-24T13:09:45.895843,-71291.37,GBP,IC-TRANSFER-2-3,Gitto EU,intercompany_transfer,0,0,1
ACC-002,2025-11-24T13:09:45.895843,71291.37,GBP,IC-TRANSFER-3-3,Gitto UK,intercompany_transfer,0,0,1
ACC-003,2025-10-13T13:09:45.895843,-85009.51,GBP,IC-TRANSFER-2-4,Gitto EU,intercompany_transfer,0,0,1
ACC-002,2025-10-13T13:09:45.895843,85009.51,GBP,IC-TRANSFER-3-4,Gitto UK,intercompany_transfer,0,0,1
ACC-003,2025-12-11T13:09:45.895843,-49160.59,GBP,IC-TRANSFER-2-5,Gitto EU,intercompany_transfer,0,0,1
ACC-002,2025-12-11T13:09:45.895843,49160.59,GBP,IC-TRANSFER-3-5,Gitto UK,intercompany_transfer,0,0,1
